{
	"credit": "Made with Blockbench",
	"textures": {
		"0": "custom/edragon",
		"particle": "custom/edragon"
	},
	"elements": [
		{
			"from": [4.125, 4.875, 7.75],
			"to": [5.875, 6.625, 9.5],
			"rotation": {"angle": 0, "axis": "z", "origin": [3.75, 4.875, 8]},
			"faces": {
				"north": {"uv": [9.0625, 2.9375, 10, 3.8125], "texture": "#0"},
				"east": {"uv": [9.0625, 2.9375, 10, 3.8125], "texture": "#0"},
				"south": {"uv": [9.0625, 2.9375, 10, 3.8125], "texture": "#0"},
				"west": {"uv": [8.0625, 2.9375, 9, 3.8125], "texture": "#0"},
				"up": {"uv": [7.0625, 2.9375, 8, 3.8125], "texture": "#0"},
				"down": {"uv": [8.0625, 1.9375, 9, 2.8125], "texture": "#0"}
			}
		},
		{
			"from": [3.25, 5.25, 8],
			"to": [4.25, 5.5, 9.25],
			"rotation": {"angle": 0, "axis": "z", "origin": [3.75, 5.375, 8]},
			"faces": {
				"north": {"uv": [12.8125, 4.0625, 13.375, 5], "texture": "#0"},
				"east": {"uv": [0, 0, 1.25, 0.25], "texture": "#0"},
				"south": {"uv": [12.8125, 4.0625, 13.375, 5], "texture": "#0"},
				"west": {"uv": [12.8125, 4.0625, 13.375, 5], "texture": "#0"},
				"up": {"uv": [12.8125, 4.0625, 13.375, 5], "texture": "#0"},
				"down": {"uv": [12.0625, 4.0625, 12.625, 5], "rotation": 90, "texture": "#0"}
			}
		},
		{
			"from": [3.5, 5.5, 8.75],
			"to": [4, 5.75, 9],
			"rotation": {"angle": 0, "axis": "x", "origin": [3.75, 5.625, 8.375]},
			"faces": {
				"north": {"uv": [7.25, 0, 7.5, 0.25], "texture": "#0"},
				"east": {"uv": [7.25, 0, 7.5, 0.25], "texture": "#0"},
				"south": {"uv": [7.25, 0, 7.5, 0.25], "texture": "#0"},
				"west": {"uv": [7.25, 0, 7.5, 0.25], "texture": "#0"},
				"up": {"uv": [7.25, 0, 7.5, 0.25], "texture": "#0"},
				"down": {"uv": [7.25, 0, 7.5, 0.25], "texture": "#0"}
			}
		},
		{
			"from": [3.5, 5.5, 8.25],
			"to": [4, 5.75, 8.5],
			"rotation": {"angle": 0, "axis": "x", "origin": [3.75, 5.625, 8.375]},
			"faces": {
				"north": {"uv": [7.25, 0, 7.5, 0.25], "texture": "#0"},
				"east": {"uv": [7.25, 0, 7.5, 0.25], "texture": "#0"},
				"south": {"uv": [7.25, 0, 7.5, 0.25], "texture": "#0"},
				"west": {"uv": [7.25, 0, 7.5, 0.25], "texture": "#0"},
				"up": {"uv": [7.25, 0, 7.5, 0.25], "texture": "#0"},
				"down": {"uv": [7.25, 0, 7.5, 0.25], "texture": "#0"}
			}
		},
		{
			"from": [4.5, 6.6875, 8],
			"to": [5, 6.9375, 8.25],
			"rotation": {"angle": 0, "axis": "x", "origin": [3.75, 5.625, 8.375]},
			"faces": {
				"north": {"uv": [7.25, 0, 7.5, 0.25], "texture": "#0"},
				"east": {"uv": [7.25, 0, 7.5, 0.25], "texture": "#0"},
				"south": {"uv": [7.25, 0, 7.5, 0.25], "texture": "#0"},
				"west": {"uv": [7.25, 0, 7.5, 0.25], "texture": "#0"},
				"up": {"uv": [7.25, 0, 7.5, 0.25], "texture": "#0"},
				"down": {"uv": [7.25, 0, 7.5, 0.25], "texture": "#0"}
			}
		},
		{
			"from": [4.5, 6.6875, 9],
			"to": [5, 6.9375, 9.25],
			"rotation": {"angle": 0, "axis": "x", "origin": [3.75, 5.625, 8.375]},
			"faces": {
				"north": {"uv": [7.25, 0, 7.5, 0.25], "texture": "#0"},
				"east": {"uv": [7.25, 0, 7.5, 0.25], "texture": "#0"},
				"south": {"uv": [7.25, 0, 7.5, 0.25], "texture": "#0"},
				"west": {"uv": [7.25, 0, 7.5, 0.25], "texture": "#0"},
				"up": {"uv": [7.25, 0, 7.5, 0.25], "texture": "#0"},
				"down": {"uv": [7.25, 0, 7.5, 0.25], "texture": "#0"}
			}
		},
		{
			"from": [3.25, 4.75, 8],
			"to": [4.25, 5, 9.25],
			"rotation": {"angle": 22.5, "axis": "z", "origin": [3.75, 4.875, 8]},
			"faces": {
				"north": {"uv": [12.8125, 4.125, 13.375, 5.0625], "rotation": 90, "texture": "#0"},
				"east": {"uv": [12.8125, 4.125, 13.375, 5.0625], "rotation": 90, "texture": "#0"},
				"south": {"uv": [12.8125, 4.125, 13.375, 5.0625], "rotation": 90, "texture": "#0"},
				"west": {"uv": [12.8125, 4.125, 13.375, 5.0625], "rotation": 90, "texture": "#0"},
				"up": {"uv": [12.125, 4.0625, 12.6875, 5], "rotation": 90, "texture": "#0"},
				"down": {"uv": [12.8125, 4.125, 13.375, 5.0625], "rotation": 90, "texture": "#0"}
			}
		},
		{
			"from": [5.875, 5.5, 8.25],
			"to": [6.375, 6, 8.75],
			"rotation": {"angle": 0, "axis": "z", "origin": [6.1875, 5.875, 8.5]},
			"faces": {
				"north": {"uv": [2.25, 1.625, 2.75, 2.125], "rotation": 270, "texture": "#0"},
				"east": {"uv": [2.25, 1.625, 2.75, 2.125], "rotation": 270, "texture": "#0"},
				"south": {"uv": [2.25, 1.625, 2.75, 2.125], "rotation": 270, "texture": "#0"},
				"west": {"uv": [2.25, 1.625, 2.75, 2.125], "rotation": 270, "texture": "#0"},
				"up": {"uv": [2.25, 1.625, 2.75, 2.125], "rotation": 270, "texture": "#0"},
				"down": {"uv": [2.25, 1.625, 2.75, 2.125], "rotation": 270, "texture": "#0"}
			}
		},
		{
			"from": [6.375, 5.5625, 8.25],
			"to": [6.875, 6.0625, 8.75],
			"rotation": {"angle": 0, "axis": "z", "origin": [6.1875, 5.875, 8.5]},
			"faces": {
				"north": {"uv": [2.25, 1.625, 2.75, 2.125], "rotation": 270, "texture": "#0"},
				"east": {"uv": [2.25, 1.625, 2.75, 2.125], "rotation": 270, "texture": "#0"},
				"south": {"uv": [2.25, 1.625, 2.75, 2.125], "rotation": 270, "texture": "#0"},
				"west": {"uv": [2.25, 1.625, 2.75, 2.125], "rotation": 270, "texture": "#0"},
				"up": {"uv": [2.25, 1.625, 2.75, 2.125], "rotation": 270, "texture": "#0"},
				"down": {"uv": [2.25, 1.625, 2.75, 2.125], "rotation": 270, "texture": "#0"}
			}
		},
		{
			"from": [6.875, 5.0625, 7.125],
			"to": [11.875, 7.0625, 10.25],
			"rotation": {"angle": 0, "axis": "z", "origin": [6.1875, 5.875, 8.5]},
			"faces": {
				"north": {"uv": [5.5, 0, 6.9375, 3.8125], "rotation": 270, "texture": "#0"},
				"east": {"uv": [5.625, 0.25, 7, 3.5], "rotation": 270, "texture": "#0"},
				"south": {"uv": [5.4375, 0, 7.0625, 3.8125], "rotation": 270, "texture": "#0"},
				"west": {"uv": [5.625, 0.125, 6.8125, 3.625], "rotation": 270, "texture": "#0"},
				"up": {"uv": [5.4375, 0, 7, 3.8125], "rotation": 270, "texture": "#0"},
				"down": {"uv": [5.4375, 0, 7.0625, 3.8125], "rotation": 270, "texture": "#0"}
			}
		},
		{
			"from": [8.59789, 4.61199, 6.875],
			"to": [10.03539, 4.98699, 7.125],
			"rotation": {"angle": -45, "axis": "z", "origin": [9.16039, 5.04949, 7]},
			"faces": {
				"north": {"uv": [7.5625, 7.125, 8, 8.375], "rotation": 90, "texture": "#0"},
				"east": {"uv": [7.5625, 7.125, 8, 8.375], "rotation": 90, "texture": "#0"},
				"south": {"uv": [7.5625, 7.125, 8, 8.375], "rotation": 90, "texture": "#0"},
				"west": {"uv": [7.5625, 7.125, 8, 8.375], "rotation": 90, "texture": "#0"},
				"up": {"uv": [7.5625, 7.125, 8, 8.375], "rotation": 90, "texture": "#0"},
				"down": {"uv": [7.5625, 7.125, 8, 8.375], "rotation": 90, "texture": "#0"}
			}
		},
		{
			"from": [7.375, 6, 6.875],
			"to": [8.625, 6.5, 7.125],
			"rotation": {"angle": -22.5, "axis": "z", "origin": [6.1875, 5.875, 8.5]},
			"faces": {
				"north": {"uv": [7.5625, 7.125, 8, 8.375], "rotation": 90, "texture": "#0"},
				"east": {"uv": [7.5625, 7.125, 8, 8.375], "rotation": 90, "texture": "#0"},
				"south": {"uv": [7.5625, 7.125, 8, 8.375], "rotation": 90, "texture": "#0"},
				"west": {"uv": [7.5625, 7.125, 8, 8.375], "rotation": 90, "texture": "#0"},
				"up": {"uv": [7.5625, 7.125, 8, 8.375], "rotation": 90, "texture": "#0"},
				"down": {"uv": [7.5625, 7.125, 8, 8.375], "rotation": 90, "texture": "#0"}
			}
		},
		{
			"from": [9.4783, 3.38747, 6.75],
			"to": [9.7283, 4.63747, 7.125],
			"rotation": {"angle": 0, "axis": "y", "origin": [9.8533, 4.76247, 7]},
			"faces": {
				"north": {"uv": [7.5625, 7.125, 8, 8.375], "rotation": 180, "texture": "#0"},
				"east": {"uv": [7.5625, 7.125, 8, 8.375], "rotation": 90, "texture": "#0"},
				"south": {"uv": [7.5625, 7.125, 8, 8.375], "rotation": 90, "texture": "#0"},
				"west": {"uv": [7.5625, 7.125, 8, 8.375], "rotation": 90, "texture": "#0"},
				"up": {"uv": [7.5625, 7.125, 8, 8.375], "rotation": 90, "texture": "#0"},
				"down": {"uv": [7.5625, 7.125, 8, 8.375], "rotation": 90, "texture": "#0"}
			}
		},
		{
			"from": [8.59789, 4.61199, 10.25],
			"to": [10.03539, 4.98699, 10.5],
			"rotation": {"angle": -45, "axis": "z", "origin": [9.16039, 5.04949, 10.375]},
			"faces": {
				"north": {"uv": [7.5625, 7.125, 8, 8.375], "rotation": 90, "texture": "#0"},
				"east": {"uv": [7.5625, 7.125, 8, 8.375], "rotation": 90, "texture": "#0"},
				"south": {"uv": [7.5625, 7.125, 8, 8.375], "rotation": 90, "texture": "#0"},
				"west": {"uv": [7.5625, 7.125, 8, 8.375], "rotation": 90, "texture": "#0"},
				"up": {"uv": [7.5625, 7.125, 8, 8.375], "rotation": 90, "texture": "#0"},
				"down": {"uv": [7.5625, 7.125, 8, 8.375], "rotation": 90, "texture": "#0"}
			}
		},
		{
			"from": [7.375, 6, 10.25],
			"to": [8.625, 6.5, 10.5],
			"rotation": {"angle": -22.5, "axis": "z", "origin": [6.1875, 5.875, 11.875]},
			"faces": {
				"north": {"uv": [7.5625, 7.125, 8, 8.375], "rotation": 90, "texture": "#0"},
				"east": {"uv": [7.5625, 7.125, 8, 8.375], "rotation": 90, "texture": "#0"},
				"south": {"uv": [7.5625, 7.125, 8, 8.375], "rotation": 90, "texture": "#0"},
				"west": {"uv": [7.5625, 7.125, 8, 8.375], "rotation": 90, "texture": "#0"},
				"up": {"uv": [7.5625, 7.125, 8, 8.375], "rotation": 90, "texture": "#0"},
				"down": {"uv": [7.5625, 7.125, 8, 8.375], "rotation": 90, "texture": "#0"}
			}
		},
		{
			"from": [9.4783, 3.38747, 10.125],
			"to": [9.7283, 4.63747, 10.5],
			"rotation": {"angle": 0, "axis": "y", "origin": [9.8533, 4.76247, 10.375]},
			"faces": {
				"north": {"uv": [7.5625, 7.125, 8, 8.375], "rotation": 90, "texture": "#0"},
				"east": {"uv": [7.5625, 7.125, 8, 8.375], "rotation": 90, "texture": "#0"},
				"south": {"uv": [7.5625, 7.125, 8, 8.375], "rotation": 90, "texture": "#0"},
				"west": {"uv": [7.5625, 7.125, 8, 8.375], "rotation": 90, "texture": "#0"},
				"up": {"uv": [7.5625, 7.125, 8, 8.375], "rotation": 90, "texture": "#0"},
				"down": {"uv": [7.5625, 7.125, 8, 8.375], "rotation": 90, "texture": "#0"}
			}
		},
		{
			"from": [9.875, 7, 6.875],
			"to": [11.625, 7.75, 7.125],
			"rotation": {"angle": -22.5, "axis": "z", "origin": [6.1875, 5.875, 8.5]},
			"faces": {
				"north": {"uv": [7.5625, 7.125, 8, 8.375], "rotation": 90, "texture": "#0"},
				"east": {"uv": [7.5625, 7.125, 8, 8.375], "rotation": 90, "texture": "#0"},
				"south": {"uv": [7.5625, 7.125, 8, 8.375], "rotation": 90, "texture": "#0"},
				"west": {"uv": [7.5625, 7.125, 8, 8.375], "rotation": 90, "texture": "#0"},
				"up": {"uv": [7.5625, 7.125, 8, 8.375], "rotation": 90, "texture": "#0"},
				"down": {"uv": [7.5625, 7.125, 8, 8.375], "rotation": 90, "texture": "#0"}
			}
		},
		{
			"from": [11.49797, 4.93142, 6.875],
			"to": [12.99797, 5.43142, 7.125],
			"rotation": {"angle": 0, "axis": "z", "origin": [11.96672, 4.80642, 7]},
			"faces": {
				"north": {"uv": [7.5625, 7.125, 8, 8.375], "rotation": 90, "texture": "#0"},
				"east": {"uv": [7.5625, 7.125, 8, 8.375], "rotation": 90, "texture": "#0"},
				"south": {"uv": [7.5625, 7.125, 8, 8.375], "rotation": 90, "texture": "#0"},
				"west": {"uv": [7.5625, 7.125, 8, 8.375], "rotation": 90, "texture": "#0"},
				"up": {"uv": [7.5625, 7.125, 8, 8.375], "rotation": 90, "texture": "#0"},
				"down": {"uv": [7.5625, 7.125, 8, 8.375], "rotation": 90, "texture": "#0"}
			}
		},
		{
			"from": [12.9783, 4.38747, 6.75],
			"to": [13.2283, 5.63747, 7.125],
			"rotation": {"angle": 22.5, "axis": "z", "origin": [13.1033, 5.01247, 6.9375]},
			"faces": {
				"north": {"uv": [7.5625, 7.125, 8, 8.375], "rotation": 90, "texture": "#0"},
				"east": {"uv": [7.5625, 7.125, 8, 8.375], "rotation": 90, "texture": "#0"},
				"south": {"uv": [7.5625, 7.125, 8, 8.375], "rotation": 90, "texture": "#0"},
				"west": {"uv": [7.5625, 7.125, 8, 8.375], "rotation": 90, "texture": "#0"},
				"up": {"uv": [7.5625, 7.125, 8, 8.375], "rotation": 90, "texture": "#0"},
				"down": {"uv": [7.5625, 7.125, 8, 8.375], "rotation": 90, "texture": "#0"}
			}
		},
		{
			"from": [9.875, 7, 10.3125],
			"to": [11.625, 7.75, 10.5625],
			"rotation": {"angle": -22.5, "axis": "z", "origin": [6.1875, 5.875, 11.9375]},
			"faces": {
				"north": {"uv": [7.5625, 7.125, 8, 8.375], "rotation": 90, "texture": "#0"},
				"east": {"uv": [7.5625, 7.125, 8, 8.375], "rotation": 90, "texture": "#0"},
				"south": {"uv": [7.5625, 7.125, 8, 8.375], "rotation": 90, "texture": "#0"},
				"west": {"uv": [7.5625, 7.125, 8, 8.375], "rotation": 90, "texture": "#0"},
				"up": {"uv": [7.5625, 7.125, 8, 8.375], "rotation": 90, "texture": "#0"},
				"down": {"uv": [7.5625, 7.125, 8, 8.375], "rotation": 90, "texture": "#0"}
			}
		},
		{
			"from": [11.49797, 4.93142, 10.3125],
			"to": [12.99797, 5.43142, 10.5625],
			"rotation": {"angle": 0, "axis": "z", "origin": [11.96672, 4.80642, 10.4375]},
			"faces": {
				"north": {"uv": [7.5625, 7.125, 8, 8.375], "rotation": 90, "texture": "#0"},
				"east": {"uv": [7.5625, 7.125, 8, 8.375], "rotation": 90, "texture": "#0"},
				"south": {"uv": [7.5625, 7.125, 8, 8.375], "rotation": 90, "texture": "#0"},
				"west": {"uv": [7.5625, 7.125, 8, 8.375], "rotation": 90, "texture": "#0"},
				"up": {"uv": [7.5625, 7.125, 8, 8.375], "rotation": 90, "texture": "#0"},
				"down": {"uv": [7.5625, 7.125, 8, 8.375], "rotation": 90, "texture": "#0"}
			}
		},
		{
			"from": [12.9783, 4.38747, 10.1875],
			"to": [13.2283, 5.63747, 10.5625],
			"rotation": {"angle": 22.5, "axis": "z", "origin": [13.1033, 5.01247, 10.375]},
			"faces": {
				"north": {"uv": [7.5625, 7.125, 8, 8.375], "rotation": 90, "texture": "#0"},
				"east": {"uv": [7.5625, 7.125, 8, 8.375], "rotation": 90, "texture": "#0"},
				"south": {"uv": [7.5625, 7.125, 8, 8.375], "rotation": 90, "texture": "#0"},
				"west": {"uv": [7.5625, 7.125, 8, 8.375], "rotation": 90, "texture": "#0"},
				"up": {"uv": [7.5625, 7.125, 8, 8.375], "rotation": 90, "texture": "#0"},
				"down": {"uv": [7.5625, 7.125, 8, 8.375], "rotation": 90, "texture": "#0"}
			}
		},
		{
			"from": [6.875, 7, 1.5],
			"to": [7.375, 7.5, 7.25],
			"rotation": {"angle": 0, "axis": "z", "origin": [6.1875, 5.875, 8.5]},
			"faces": {
				"north": {"uv": [14.0625, 5.5625, 14.5, 6.4375], "rotation": 90, "texture": "#0"},
				"east": {"uv": [7.625, 5.5625, 14.5, 6.3125], "rotation": 90, "texture": "#0"},
				"south": {"uv": [14.0625, 5.5625, 14.5, 6.4375], "rotation": 90, "texture": "#0"},
				"west": {"uv": [7.5625, 5.5625, 7.875, 6], "rotation": 90, "texture": "#0"},
				"up": {"uv": [7.625, 5.5625, 14.5, 6.3125], "rotation": 90, "texture": "#0"},
				"down": {"uv": [7.625, 5.5625, 14.5, 6.3125], "rotation": 90, "texture": "#0"}
			}
		},
		{
			"from": [6.875, 7, 5.125],
			"to": [12.125, 7, 8.625],
			"rotation": {"angle": 0, "axis": "z", "origin": [6.1875, 5.875, 8.5]},
			"faces": {
				"north": {"uv": [5.4375, 4.125, 7.9375, 5.5], "rotation": 270, "texture": "#0"},
				"east": {"uv": [5.4375, 4.125, 7.9375, 5.5], "rotation": 270, "texture": "#0"},
				"south": {"uv": [5.4375, 4.125, 7.9375, 5.5], "rotation": 270, "texture": "#0"},
				"west": {"uv": [5.4375, 4.125, 7.9375, 5.5], "rotation": 270, "texture": "#0"},
				"up": {"uv": [0, 5.5, 3.4375, 8.9375], "rotation": 90, "texture": "#0"},
				"down": {"uv": [5.4375, 4.125, 7.9375, 5.5], "rotation": 270, "texture": "#0"}
			}
		},
		{
			"from": [6.875, 7, 1.625],
			"to": [12.125, 7, 5.125],
			"rotation": {"angle": 0, "axis": "z", "origin": [6.1875, 5.875, 8.5]},
			"faces": {
				"north": {"uv": [0, 0, 0, 5.25], "rotation": 90, "texture": "#0"},
				"east": {"uv": [0, 0, 0, 3.5], "rotation": 270, "texture": "#0"},
				"south": {"uv": [0, 0, 0, 5.25], "rotation": 270, "texture": "#0"},
				"west": {"uv": [0, 0, 0, 3.5], "rotation": 270, "texture": "#0"},
				"up": {"uv": [0, 9, 3.4375, 12.4375], "rotation": 90, "texture": "#0"},
				"down": {"uv": [0, 0, 3.5, 5.25], "rotation": 270, "texture": "#0"}
			}
		},
		{
			"from": [6.875, 7, 10],
			"to": [7.375, 7.5, 15.75],
			"rotation": {"angle": 0, "axis": "z", "origin": [6.1875, 5.875, 7.5]},
			"faces": {
				"north": {"uv": [14.0625, 5.5625, 14.5, 6.4375], "rotation": 90, "texture": "#0"},
				"east": {"uv": [0, 5.75, 0.5, 11.5], "rotation": 270, "texture": "#0"},
				"south": {"uv": [14.0625, 5.5625, 14.5, 6.4375], "rotation": 90, "texture": "#0"},
				"west": {"uv": [7.5625, 5.5625, 7.875, 6], "rotation": 90, "texture": "#0"},
				"up": {"uv": [7.625, 5.5625, 14.5, 6.3125], "rotation": 90, "texture": "#0"},
				"down": {"uv": [5.75, 0, 11.5, 0.5], "rotation": 270, "texture": "#0"}
			}
		},
		{
			"from": [6.875, 7, 9.875],
			"to": [12.125, 7, 13.375],
			"rotation": {"angle": 0, "axis": "z", "origin": [6.1875, 5.875, 7.5]},
			"faces": {
				"north": {"uv": [0, 5.25, 0, 10.5], "rotation": 270, "texture": "#0"},
				"east": {"uv": [0, 3.5, 0, 7], "rotation": 270, "texture": "#0"},
				"south": {"uv": [0, 5.25, 0, 10.5], "rotation": 90, "texture": "#0"},
				"west": {"uv": [0, 3.5, 0, 7], "rotation": 270, "texture": "#0"},
				"up": {"uv": [0, 9.125, 3.5625, 12.4375], "rotation": 90, "texture": "#0"},
				"down": {"uv": [3.5, 0, 7, 5.25], "rotation": 270, "texture": "#0"}
			}
		},
		{
			"from": [6.875, 7, 13.3125],
			"to": [12.125, 7, 16.8125],
			"rotation": {"angle": 0, "axis": "z", "origin": [6.1875, 5.875, 7.5]},
			"faces": {
				"north": {"uv": [0, 5.25, 0, 10.5], "rotation": 270, "texture": "#0"},
				"east": {"uv": [0, 3.5, 0, 7], "rotation": 270, "texture": "#0"},
				"south": {"uv": [0, 5.25, 0, 10.5], "rotation": 90, "texture": "#0"},
				"west": {"uv": [0, 3.5, 0, 7], "rotation": 270, "texture": "#0"},
				"up": {"uv": [0, 5.6875, 4.9375, 9], "rotation": 90, "texture": "#0"},
				"down": {"uv": [3.5, 0, 7, 5.25], "rotation": 270, "texture": "#0"}
			}
		},
		{
			"from": [11.875, 6.75, 8.25],
			"to": [12.375, 7.25, 8.75],
			"rotation": {"angle": 0, "axis": "z", "origin": [6.1875, 5.875, 8.5]},
			"faces": {
				"north": {"uv": [2.25, 1.625, 2.75, 2.125], "rotation": 270, "texture": "#0"},
				"east": {"uv": [2.25, 1.625, 2.75, 2.125], "rotation": 270, "texture": "#0"},
				"south": {"uv": [2.25, 1.625, 2.75, 2.125], "rotation": 270, "texture": "#0"},
				"west": {"uv": [2.25, 1.625, 2.75, 2.125], "rotation": 270, "texture": "#0"},
				"up": {"uv": [2.25, 1.625, 2.75, 2.125], "rotation": 270, "texture": "#0"},
				"down": {"uv": [2.25, 1.625, 2.75, 2.125], "rotation": 270, "texture": "#0"}
			}
		},
		{
			"from": [12.375, 6.8125, 8.25],
			"to": [12.875, 7.3125, 8.75],
			"rotation": {"angle": 0, "axis": "z", "origin": [6.1875, 5.875, 8.5]},
			"faces": {
				"north": {"uv": [2.25, 1.625, 2.75, 2.125], "rotation": 270, "texture": "#0"},
				"east": {"uv": [2.25, 1.625, 2.75, 2.125], "rotation": 270, "texture": "#0"},
				"south": {"uv": [2.25, 1.625, 2.75, 2.125], "rotation": 270, "texture": "#0"},
				"west": {"uv": [2.25, 1.625, 2.75, 2.125], "rotation": 270, "texture": "#0"},
				"up": {"uv": [2.25, 1.625, 2.75, 2.125], "rotation": 270, "texture": "#0"},
				"down": {"uv": [2.25, 1.625, 2.75, 2.125], "rotation": 270, "texture": "#0"}
			}
		},
		{
			"from": [12.875, 6.875, 8.25],
			"to": [13.375, 7.375, 8.75],
			"rotation": {"angle": 0, "axis": "z", "origin": [6.1875, 5.875, 8.5]},
			"faces": {
				"north": {"uv": [2.25, 1.625, 2.75, 2.125], "rotation": 270, "texture": "#0"},
				"east": {"uv": [2.25, 1.625, 2.75, 2.125], "rotation": 270, "texture": "#0"},
				"south": {"uv": [2.25, 1.625, 2.75, 2.125], "rotation": 270, "texture": "#0"},
				"west": {"uv": [2.25, 1.625, 2.75, 2.125], "rotation": 270, "texture": "#0"},
				"up": {"uv": [2.25, 1.625, 2.75, 2.125], "rotation": 270, "texture": "#0"},
				"down": {"uv": [2.25, 1.625, 2.75, 2.125], "rotation": 270, "texture": "#0"}
			}
		},
		{
			"from": [13.375, 6.9375, 8.25],
			"to": [13.875, 7.4375, 8.75],
			"rotation": {"angle": 0, "axis": "z", "origin": [6.1875, 5.875, 8.5]},
			"faces": {
				"north": {"uv": [2.25, 1.625, 2.75, 2.125], "rotation": 270, "texture": "#0"},
				"east": {"uv": [2.25, 1.625, 2.75, 2.125], "rotation": 270, "texture": "#0"},
				"south": {"uv": [2.25, 1.625, 2.75, 2.125], "rotation": 270, "texture": "#0"},
				"west": {"uv": [2.25, 1.625, 2.75, 2.125], "rotation": 270, "texture": "#0"},
				"up": {"uv": [2.25, 1.625, 2.75, 2.125], "rotation": 270, "texture": "#0"},
				"down": {"uv": [2.25, 1.625, 2.75, 2.125], "rotation": 270, "texture": "#0"}
			}
		},
		{
			"from": [13.875, 6.875, 8.25],
			"to": [14.375, 7.375, 8.75],
			"rotation": {"angle": 0, "axis": "z", "origin": [6.1875, 5.875, 8.5]},
			"faces": {
				"north": {"uv": [2.25, 1.625, 2.75, 2.125], "rotation": 270, "texture": "#0"},
				"east": {"uv": [2.25, 1.625, 2.75, 2.125], "rotation": 270, "texture": "#0"},
				"south": {"uv": [2.25, 1.625, 2.75, 2.125], "rotation": 270, "texture": "#0"},
				"west": {"uv": [2.25, 1.625, 2.75, 2.125], "rotation": 270, "texture": "#0"},
				"up": {"uv": [2.25, 1.625, 2.75, 2.125], "rotation": 270, "texture": "#0"},
				"down": {"uv": [2.25, 1.625, 2.75, 2.125], "rotation": 270, "texture": "#0"}
			}
		},
		{
			"from": [14.375, 6.8125, 8.25],
			"to": [14.875, 7.3125, 8.75],
			"rotation": {"angle": 0, "axis": "z", "origin": [6.1875, 5.875, 8.5]},
			"faces": {
				"north": {"uv": [2.25, 1.625, 2.75, 2.125], "rotation": 270, "texture": "#0"},
				"east": {"uv": [2.25, 1.625, 2.75, 2.125], "rotation": 270, "texture": "#0"},
				"south": {"uv": [2.25, 1.625, 2.75, 2.125], "rotation": 270, "texture": "#0"},
				"west": {"uv": [2.25, 1.625, 2.75, 2.125], "rotation": 270, "texture": "#0"},
				"up": {"uv": [2.25, 1.625, 2.75, 2.125], "rotation": 270, "texture": "#0"},
				"down": {"uv": [2.25, 1.625, 2.75, 2.125], "rotation": 270, "texture": "#0"}
			}
		},
		{
			"from": [14.875, 6.75, 8.25],
			"to": [15.375, 7.25, 8.75],
			"rotation": {"angle": 0, "axis": "z", "origin": [6.1875, 5.875, 8.5]},
			"faces": {
				"north": {"uv": [2.25, 1.625, 2.75, 2.125], "rotation": 270, "texture": "#0"},
				"east": {"uv": [2.25, 1.625, 2.75, 2.125], "rotation": 270, "texture": "#0"},
				"south": {"uv": [2.25, 1.625, 2.75, 2.125], "rotation": 270, "texture": "#0"},
				"west": {"uv": [2.25, 1.625, 2.75, 2.125], "rotation": 270, "texture": "#0"},
				"up": {"uv": [2.25, 1.625, 2.75, 2.125], "rotation": 270, "texture": "#0"},
				"down": {"uv": [2.25, 1.625, 2.75, 2.125], "rotation": 270, "texture": "#0"}
			}
		},
		{
			"from": [15.375, 6.6875, 8.25],
			"to": [15.875, 7.1875, 8.75],
			"rotation": {"angle": 0, "axis": "z", "origin": [6.1875, 5.875, 8.5]},
			"faces": {
				"north": {"uv": [2.25, 1.625, 2.75, 2.125], "rotation": 270, "texture": "#0"},
				"east": {"uv": [2.25, 1.625, 2.75, 2.125], "rotation": 270, "texture": "#0"},
				"south": {"uv": [2.25, 1.625, 2.75, 2.125], "rotation": 270, "texture": "#0"},
				"west": {"uv": [2.25, 1.625, 2.75, 2.125], "rotation": 270, "texture": "#0"},
				"up": {"uv": [2.25, 1.625, 2.75, 2.125], "rotation": 270, "texture": "#0"},
				"down": {"uv": [2.25, 1.625, 2.75, 2.125], "rotation": 270, "texture": "#0"}
			}
		}
	],
	"display": {
		"thirdperson_righthand": {
			"rotation": [72, -94, 0],
			"translation": [-5, 2.5, 7],
			"scale": [1.25, 1, 1]
		}
	},
	"groups": [
		{
			"name": "head",
			"origin": [8, 8, 8],
			"children": [0, 1, 2, 3, 4, 5, 6]
		},
		{
			"name": "neck",
			"origin": [7.9375, 5.875, 8.5],
			"children": [7, 8]
		}, 9,
		{
			"name": "leg1",
			"origin": [11.6033, 4.76247, 7],
			"children": [10, 11, 12]
		},
		{
			"name": "leg2",
			"origin": [11.6033, 4.76247, 7],
			"children": [13, 14, 15]
		},
		{
			"name": "backleg1",
			"origin": [14.8533, 5.01247, 6.9375],
			"children": [16, 17, 18]
		},
		{
			"name": "backleg2",
			"origin": [14.8533, 5.01247, 6.9375],
			"children": [19, 20, 21]
		},
		{
			"name": "wing1",
			"origin": [6.1875, 5.875, 8.5],
			"children": [22, 23, 24]
		},
		{
			"name": "wing1",
			"origin": [6.1875, 5.875, 8.5],
			"children": [25, 26, 27]
		},
		{
			"name": "tail",
			"origin": [7.9375, 5.875, 8.5],
			"children": [28, 29, 30, 31, 32, 33, 34, 35]
		}
	]
}