{
	"credit": "Made with Blockbench",
	"textures": {
		"0": "custom/wood",
		"1": "custom/orb",
		"particle": "custom/wood"
	},
	"elements": [
		{
			"from": [8, 0, 7.5],
			"to": [9, 8, 8.5],
			"faces": {
				"north": {"uv": [7.5, 3.5, 8.5, 11.5], "texture": "#0"},
				"east": {"uv": [0, 0, 1, 8], "texture": "#0"},
				"south": {"uv": [0, 0, 1, 8], "texture": "#0"},
				"west": {"uv": [0, 0, 16, 16], "texture": "#0"},
				"up": {"uv": [0, 0, 1, 1], "texture": "#0"},
				"down": {"uv": [0, 0, 1, 1], "texture": "#0"}
			}
		},
		{
			"from": [7.5, 0, 8],
			"to": [8, 8, 9],
			"faces": {
				"north": {"uv": [7.5, 3.5, 8, 11.5], "texture": "#0"},
				"east": {"uv": [0, 0, 1, 8], "texture": "#0"},
				"south": {"uv": [0, 0, 0.5, 8], "texture": "#0"},
				"west": {"uv": [0, 0, 16, 16], "texture": "#0"},
				"up": {"uv": [0, 0, 0.5, 1], "texture": "#0"},
				"down": {"uv": [0, 0, 0.5, 1], "texture": "#0"}
			}
		},
		{
			"from": [7.75, 0, 7.75],
			"to": [8, 8, 8],
			"faces": {
				"north": {"uv": [7.5, 3.5, 7.75, 11.5], "texture": "#0"},
				"east": {"uv": [0, 0, 0.25, 8], "texture": "#0"},
				"south": {"uv": [0, 0, 0.25, 8], "texture": "#0"},
				"west": {"uv": [0, 0, 16, 16], "texture": "#0"},
				"up": {"uv": [0, 0, 0.25, 0.25], "texture": "#0"},
				"down": {"uv": [0, 0, 0.25, 0.25], "texture": "#0"}
			}
		},
		{
			"from": [7.75, 0, 9],
			"to": [8, 8, 9.25],
			"faces": {
				"north": {"uv": [7.5, 3.5, 7.75, 11.5], "texture": "#0"},
				"east": {"uv": [0, 0, 0.25, 8], "texture": "#0"},
				"south": {"uv": [0, 0, 0.25, 8], "texture": "#0"},
				"west": {"uv": [0, 0, 16, 16], "texture": "#0"},
				"up": {"uv": [0, 0, 0.25, 0.25], "texture": "#0"},
				"down": {"uv": [0, 0, 0.25, 0.25], "texture": "#0"}
			}
		},
		{
			"from": [9, 0, 9],
			"to": [9.25, 8, 9.25],
			"faces": {
				"north": {"uv": [7.5, 3.5, 7.75, 11.5], "texture": "#0"},
				"east": {"uv": [0, 0, 0.25, 8], "texture": "#0"},
				"south": {"uv": [0, 0, 0.25, 8], "texture": "#0"},
				"west": {"uv": [0, 0, 16, 16], "texture": "#0"},
				"up": {"uv": [0, 0, 0.25, 0.25], "texture": "#0"},
				"down": {"uv": [0, 0, 0.25, 0.25], "texture": "#0"}
			}
		},
		{
			"from": [9, 0, 7.75],
			"to": [9.25, 8, 8],
			"faces": {
				"north": {"uv": [7.5, 3.5, 7.75, 11.5], "texture": "#0"},
				"east": {"uv": [0, 0, 0.25, 8], "texture": "#0"},
				"south": {"uv": [0, 0, 0.25, 8], "texture": "#0"},
				"west": {"uv": [0, 0, 16, 16], "texture": "#0"},
				"up": {"uv": [0, 0, 0.25, 0.25], "texture": "#0"},
				"down": {"uv": [0, 0, 0.25, 0.25], "texture": "#0"}
			}
		},
		{
			"from": [9, 0, 8],
			"to": [9.5, 8, 9],
			"faces": {
				"north": {"uv": [7.5, 3.5, 8, 11.5], "texture": "#0"},
				"east": {"uv": [0, 0, 1, 8], "texture": "#0"},
				"south": {"uv": [0, 0, 0.5, 8], "texture": "#0"},
				"west": {"uv": [0, 0, 16, 16], "texture": "#0"},
				"up": {"uv": [0, 0, 0.5, 1], "texture": "#0"},
				"down": {"uv": [0, 0, 0.5, 1], "texture": "#0"}
			}
		},
		{
			"from": [8, 0, 8.5],
			"to": [9, 8, 9.5],
			"faces": {
				"north": {"uv": [7.5, 3.5, 8.5, 11.5], "texture": "#0"},
				"east": {"uv": [0, 0, 1, 8], "texture": "#0"},
				"south": {"uv": [0, 0, 1, 8], "texture": "#0"},
				"west": {"uv": [0, 0, 16, 16], "texture": "#0"},
				"up": {"uv": [0, 0, 1, 1], "texture": "#0"},
				"down": {"uv": [0, 0, 1, 1], "texture": "#0"}
			}
		},
		{
			"from": [9, 9, 7.75],
			"to": [9.75, 9.75, 8.5],
			"faces": {
				"north": {"uv": [0, 0, 0.75, 0.75], "texture": "#1"},
				"east": {"uv": [0, 0, 0.75, 0.75], "texture": "#1"},
				"south": {"uv": [0, 0, 0.75, 0.75], "texture": "#1"},
				"west": {"uv": [0, 0, 12.5, 9.5], "texture": "#1"},
				"up": {"uv": [0, 0, 0.75, 0.75], "texture": "#1"},
				"down": {"uv": [0, 0, 0.75, 0.75], "texture": "#1"}
			}
		},
		{
			"from": [8.75, 9.25, 7.75],
			"to": [9.5, 10, 8.5],
			"faces": {
				"north": {"uv": [0, 0, 0.75, 0.75], "texture": "#1"},
				"east": {"uv": [0, 0, 0.75, 0.75], "texture": "#1"},
				"south": {"uv": [0, 0, 0.75, 0.75], "texture": "#1"},
				"west": {"uv": [0, 0, 12.5, 9.5], "texture": "#1"},
				"up": {"uv": [0, 0, 0.75, 0.75], "texture": "#1"},
				"down": {"uv": [0, 0, 0.75, 0.75], "texture": "#1"}
			}
		},
		{
			"from": [7.5, 9.25, 7.75],
			"to": [8.25, 10, 8.5],
			"faces": {
				"north": {"uv": [0, 0, 0.75, 0.75], "texture": "#1"},
				"east": {"uv": [0, 0, 0.75, 0.75], "texture": "#1"},
				"south": {"uv": [0, 0, 0.75, 0.75], "texture": "#1"},
				"west": {"uv": [0, 0, 12.5, 9.5], "texture": "#1"},
				"up": {"uv": [0, 0, 0.75, 0.75], "texture": "#1"},
				"down": {"uv": [0, 0, 0.75, 0.75], "texture": "#1"}
			}
		},
		{
			"from": [7.75, 9.25, 7.5],
			"to": [8.5, 10, 8.25],
			"rotation": {"angle": 0, "axis": "y", "origin": [8.875, 8.375, 8.375]},
			"faces": {
				"north": {"uv": [0, 0, 0.75, 0.75], "texture": "#1"},
				"east": {"uv": [0, 0, 0.75, 0.75], "texture": "#1"},
				"south": {"uv": [0, 0, 0.75, 0.75], "texture": "#1"},
				"west": {"uv": [0, 0, 12.5, 9.5], "texture": "#1"},
				"up": {"uv": [0, 0, 0.75, 0.75], "rotation": 270, "texture": "#1"},
				"down": {"uv": [0, 0, 0.75, 0.75], "rotation": 90, "texture": "#1"}
			}
		},
		{
			"from": [7.75, 9.25, 8.75],
			"to": [8.5, 10, 9.5],
			"rotation": {"angle": 0, "axis": "y", "origin": [8.875, 8.375, 8.375]},
			"faces": {
				"north": {"uv": [0, 0, 0.75, 0.75], "texture": "#1"},
				"east": {"uv": [0, 0, 0.75, 0.75], "texture": "#1"},
				"south": {"uv": [0, 0, 0.75, 0.75], "texture": "#1"},
				"west": {"uv": [0, 0, 12.5, 9.5], "texture": "#1"},
				"up": {"uv": [0, 0, 0.75, 0.75], "rotation": 270, "texture": "#1"},
				"down": {"uv": [0, 0, 0.75, 0.75], "rotation": 90, "texture": "#1"}
			}
		},
		{
			"from": [7.75, 9.5, 8.5],
			"to": [8.5, 10.25, 9.25],
			"rotation": {"angle": 0, "axis": "y", "origin": [8.875, 8.375, 8.375]},
			"faces": {
				"north": {"uv": [0, 0, 0.75, 0.75], "texture": "#1"},
				"east": {"uv": [0, 0, 0.75, 0.75], "texture": "#1"},
				"south": {"uv": [0, 0, 0.75, 0.75], "texture": "#1"},
				"west": {"uv": [0, 0, 12.5, 9.5], "texture": "#1"},
				"up": {"uv": [0, 0, 0.75, 0.75], "rotation": 270, "texture": "#1"},
				"down": {"uv": [0, 0, 0.75, 0.75], "rotation": 90, "texture": "#1"}
			}
		},
		{
			"from": [8, 9.5, 8.5],
			"to": [8.75, 10.25, 9.25],
			"rotation": {"angle": 0, "axis": "y", "origin": [8.875, 8.375, 8.375]},
			"faces": {
				"north": {"uv": [0, 0, 0.75, 0.75], "texture": "#1"},
				"east": {"uv": [0, 0, 0.75, 0.75], "texture": "#1"},
				"south": {"uv": [0, 0, 0.75, 0.75], "texture": "#1"},
				"west": {"uv": [0, 0, 12.5, 9.5], "texture": "#1"},
				"up": {"uv": [0, 0, 0.75, 0.75], "rotation": 270, "texture": "#1"},
				"down": {"uv": [0, 0, 0.75, 0.75], "rotation": 90, "texture": "#1"}
			}
		},
		{
			"from": [8, 9.75, 8.25],
			"to": [8.75, 10.5, 9],
			"rotation": {"angle": 0, "axis": "y", "origin": [8.875, 8.375, 8.375]},
			"faces": {
				"north": {"uv": [0, 0, 0.75, 0.75], "texture": "#1"},
				"east": {"uv": [0, 0, 0.75, 0.75], "texture": "#1"},
				"south": {"uv": [0, 0, 0.75, 0.75], "texture": "#1"},
				"west": {"uv": [0, 0, 12.5, 9.5], "texture": "#1"},
				"up": {"uv": [0, 0, 0.75, 0.75], "rotation": 270, "texture": "#1"},
				"down": {"uv": [0, 0, 0.75, 0.75], "rotation": 90, "texture": "#1"}
			}
		},
		{
			"from": [8.25, 9.75, 8.25],
			"to": [9, 10.5, 9],
			"rotation": {"angle": 0, "axis": "y", "origin": [8.875, 8.375, 8.375]},
			"faces": {
				"north": {"uv": [0, 0, 0.75, 0.75], "texture": "#1"},
				"east": {"uv": [0, 0, 0.75, 0.75], "texture": "#1"},
				"south": {"uv": [0, 0, 0.75, 0.75], "texture": "#1"},
				"west": {"uv": [0, 0, 12.5, 9.5], "texture": "#1"},
				"up": {"uv": [0, 0, 0.75, 0.75], "rotation": 270, "texture": "#1"},
				"down": {"uv": [0, 0, 0.75, 0.75], "rotation": 90, "texture": "#1"}
			}
		},
		{
			"from": [8.25, 9.75, 8],
			"to": [9, 10.5, 8.75],
			"rotation": {"angle": 0, "axis": "y", "origin": [8.875, 8.375, 8.375]},
			"faces": {
				"north": {"uv": [0, 0, 0.75, 0.75], "texture": "#1"},
				"east": {"uv": [0, 0, 0.75, 0.75], "texture": "#1"},
				"south": {"uv": [0, 0, 0.75, 0.75], "texture": "#1"},
				"west": {"uv": [0, 0, 12.5, 9.5], "texture": "#1"},
				"up": {"uv": [0, 0, 0.75, 0.75], "rotation": 270, "texture": "#1"},
				"down": {"uv": [0, 0, 0.75, 0.75], "rotation": 90, "texture": "#1"}
			}
		},
		{
			"from": [8, 9.75, 8],
			"to": [8.75, 10.5, 8.75],
			"rotation": {"angle": 0, "axis": "y", "origin": [8.875, 8.375, 8.375]},
			"faces": {
				"north": {"uv": [0, 0, 0.75, 0.75], "texture": "#1"},
				"east": {"uv": [0, 0, 0.75, 0.75], "texture": "#1"},
				"south": {"uv": [0, 0, 0.75, 0.75], "texture": "#1"},
				"west": {"uv": [0, 0, 12.5, 9.5], "texture": "#1"},
				"up": {"uv": [0, 0, 0.75, 0.75], "rotation": 270, "texture": "#1"},
				"down": {"uv": [0, 0, 0.75, 0.75], "rotation": 90, "texture": "#1"}
			}
		},
		{
			"from": [8.25, 9.5, 8.5],
			"to": [9, 10.25, 9.25],
			"rotation": {"angle": 0, "axis": "y", "origin": [8.875, 8.375, 8.375]},
			"faces": {
				"north": {"uv": [0, 0, 0.75, 0.75], "texture": "#1"},
				"east": {"uv": [0, 0, 0.75, 0.75], "texture": "#1"},
				"south": {"uv": [0, 0, 0.75, 0.75], "texture": "#1"},
				"west": {"uv": [0, 0, 12.5, 9.5], "texture": "#1"},
				"up": {"uv": [0, 0, 0.75, 0.75], "rotation": 270, "texture": "#1"},
				"down": {"uv": [0, 0, 0.75, 0.75], "rotation": 90, "texture": "#1"}
			}
		},
		{
			"from": [8.5, 9.5, 8.5],
			"to": [9.25, 10.25, 9.25],
			"rotation": {"angle": 0, "axis": "y", "origin": [8.875, 8.375, 8.375]},
			"faces": {
				"north": {"uv": [0, 0, 0.75, 0.75], "texture": "#1"},
				"east": {"uv": [0, 0, 0.75, 0.75], "texture": "#1"},
				"south": {"uv": [0, 0, 0.75, 0.75], "texture": "#1"},
				"west": {"uv": [0, 0, 12.5, 9.5], "texture": "#1"},
				"up": {"uv": [0, 0, 0.75, 0.75], "rotation": 270, "texture": "#1"},
				"down": {"uv": [0, 0, 0.75, 0.75], "rotation": 90, "texture": "#1"}
			}
		},
		{
			"from": [8.5, 9.5, 8.25],
			"to": [9.25, 10.25, 9],
			"rotation": {"angle": 0, "axis": "y", "origin": [8.875, 8.375, 8.375]},
			"faces": {
				"north": {"uv": [0, 0, 0.75, 0.75], "texture": "#1"},
				"east": {"uv": [0, 0, 0.75, 0.75], "texture": "#1"},
				"south": {"uv": [0, 0, 0.75, 0.75], "texture": "#1"},
				"west": {"uv": [0, 0, 12.5, 9.5], "texture": "#1"},
				"up": {"uv": [0, 0, 0.75, 0.75], "rotation": 270, "texture": "#1"},
				"down": {"uv": [0, 0, 0.75, 0.75], "rotation": 90, "texture": "#1"}
			}
		},
		{
			"from": [8.5, 9.5, 8],
			"to": [9.25, 10.25, 8.75],
			"rotation": {"angle": 0, "axis": "y", "origin": [8.875, 8.375, 8.375]},
			"faces": {
				"north": {"uv": [0, 0, 0.75, 0.75], "texture": "#1"},
				"east": {"uv": [0, 0, 0.75, 0.75], "texture": "#1"},
				"south": {"uv": [0, 0, 0.75, 0.75], "texture": "#1"},
				"west": {"uv": [0, 0, 12.5, 9.5], "texture": "#1"},
				"up": {"uv": [0, 0, 0.75, 0.75], "rotation": 270, "texture": "#1"},
				"down": {"uv": [0, 0, 0.75, 0.75], "rotation": 90, "texture": "#1"}
			}
		},
		{
			"from": [8.5, 9.5, 7.75],
			"to": [9.25, 10.25, 8.5],
			"rotation": {"angle": 0, "axis": "y", "origin": [8.875, 8.375, 8.375]},
			"faces": {
				"north": {"uv": [0, 0, 0.75, 0.75], "texture": "#1"},
				"east": {"uv": [0, 0, 0.75, 0.75], "texture": "#1"},
				"south": {"uv": [0, 0, 0.75, 0.75], "texture": "#1"},
				"west": {"uv": [0, 0, 12.5, 9.5], "texture": "#1"},
				"up": {"uv": [0, 0, 0.75, 0.75], "rotation": 270, "texture": "#1"},
				"down": {"uv": [0, 0, 0.75, 0.75], "rotation": 90, "texture": "#1"}
			}
		},
		{
			"from": [8.25, 9.5, 7.75],
			"to": [9, 10.25, 8.5],
			"rotation": {"angle": 0, "axis": "y", "origin": [8.875, 8.375, 8.375]},
			"faces": {
				"north": {"uv": [0, 0, 0.75, 0.75], "texture": "#1"},
				"east": {"uv": [0, 0, 0.75, 0.75], "texture": "#1"},
				"south": {"uv": [0, 0, 0.75, 0.75], "texture": "#1"},
				"west": {"uv": [0, 0, 12.5, 9.5], "texture": "#1"},
				"up": {"uv": [0, 0, 0.75, 0.75], "rotation": 270, "texture": "#1"},
				"down": {"uv": [0, 0, 0.75, 0.75], "rotation": 90, "texture": "#1"}
			}
		},
		{
			"from": [8, 9.5, 7.75],
			"to": [8.75, 10.25, 8.5],
			"rotation": {"angle": 0, "axis": "y", "origin": [8.875, 8.375, 8.375]},
			"faces": {
				"north": {"uv": [0, 0, 0.75, 0.75], "texture": "#1"},
				"east": {"uv": [0, 0, 0.75, 0.75], "texture": "#1"},
				"south": {"uv": [0, 0, 0.75, 0.75], "texture": "#1"},
				"west": {"uv": [0, 0, 12.5, 9.5], "texture": "#1"},
				"up": {"uv": [0, 0, 0.75, 0.75], "rotation": 270, "texture": "#1"},
				"down": {"uv": [0, 0, 0.75, 0.75], "rotation": 90, "texture": "#1"}
			}
		},
		{
			"from": [7.75, 9.5, 7.75],
			"to": [8.5, 10.25, 8.5],
			"rotation": {"angle": 0, "axis": "y", "origin": [8.875, 8.375, 8.375]},
			"faces": {
				"north": {"uv": [0, 0, 0.75, 0.75], "texture": "#1"},
				"east": {"uv": [0, 0, 0.75, 0.75], "texture": "#1"},
				"south": {"uv": [0, 0, 0.75, 0.75], "texture": "#1"},
				"west": {"uv": [0, 0, 12.5, 9.5], "texture": "#1"},
				"up": {"uv": [0, 0, 0.75, 0.75], "rotation": 270, "texture": "#1"},
				"down": {"uv": [0, 0, 0.75, 0.75], "rotation": 90, "texture": "#1"}
			}
		},
		{
			"from": [7.75, 9.5, 8],
			"to": [8.5, 10.25, 8.75],
			"rotation": {"angle": 0, "axis": "y", "origin": [8.875, 8.375, 8.375]},
			"faces": {
				"north": {"uv": [0, 0, 0.75, 0.75], "texture": "#1"},
				"east": {"uv": [0, 0, 0.75, 0.75], "texture": "#1"},
				"south": {"uv": [0, 0, 0.75, 0.75], "texture": "#1"},
				"west": {"uv": [0, 0, 12.5, 9.5], "texture": "#1"},
				"up": {"uv": [0, 0, 0.75, 0.75], "rotation": 270, "texture": "#1"},
				"down": {"uv": [0, 0, 0.75, 0.75], "rotation": 90, "texture": "#1"}
			}
		},
		{
			"from": [7.75, 9.5, 8.25],
			"to": [8.5, 10.25, 9],
			"rotation": {"angle": 0, "axis": "y", "origin": [8.875, 8.375, 8.375]},
			"faces": {
				"north": {"uv": [0, 0, 0.75, 0.75], "texture": "#1"},
				"east": {"uv": [0, 0, 0.75, 0.75], "texture": "#1"},
				"south": {"uv": [0, 0, 0.75, 0.75], "texture": "#1"},
				"west": {"uv": [0, 0, 12.5, 9.5], "texture": "#1"},
				"up": {"uv": [0, 0, 0.75, 0.75], "rotation": 270, "texture": "#1"},
				"down": {"uv": [0, 0, 0.75, 0.75], "rotation": 90, "texture": "#1"}
			}
		},
		{
			"from": [9, 9, 8],
			"to": [9.75, 9.75, 8.75],
			"faces": {
				"north": {"uv": [0, 0, 0.75, 0.75], "texture": "#1"},
				"east": {"uv": [0, 0, 0.75, 0.75], "texture": "#1"},
				"south": {"uv": [0, 0, 0.75, 0.75], "texture": "#1"},
				"west": {"uv": [0, 0, 12.5, 9.5], "texture": "#1"},
				"up": {"uv": [0, 0, 0.75, 0.75], "texture": "#1"},
				"down": {"uv": [0, 0, 0.75, 0.75], "texture": "#1"}
			}
		},
		{
			"from": [8.75, 9.25, 8],
			"to": [9.5, 10, 8.75],
			"faces": {
				"north": {"uv": [0, 0, 0.75, 0.75], "texture": "#1"},
				"east": {"uv": [0, 0, 0.75, 0.75], "texture": "#1"},
				"south": {"uv": [0, 0, 0.75, 0.75], "texture": "#1"},
				"west": {"uv": [0, 0, 12.5, 9.5], "texture": "#1"},
				"up": {"uv": [0, 0, 0.75, 0.75], "texture": "#1"},
				"down": {"uv": [0, 0, 0.75, 0.75], "texture": "#1"}
			}
		},
		{
			"from": [7.5, 9.25, 8],
			"to": [8.25, 10, 8.75],
			"faces": {
				"north": {"uv": [0, 0, 0.75, 0.75], "texture": "#1"},
				"east": {"uv": [0, 0, 0.75, 0.75], "texture": "#1"},
				"south": {"uv": [0, 0, 0.75, 0.75], "texture": "#1"},
				"west": {"uv": [0, 0, 12.5, 9.5], "texture": "#1"},
				"up": {"uv": [0, 0, 0.75, 0.75], "texture": "#1"},
				"down": {"uv": [0, 0, 0.75, 0.75], "texture": "#1"}
			}
		},
		{
			"from": [8, 9.25, 7.5],
			"to": [8.75, 10, 8.25],
			"rotation": {"angle": 0, "axis": "y", "origin": [8.875, 8.375, 8.375]},
			"faces": {
				"north": {"uv": [0, 0, 0.75, 0.75], "texture": "#1"},
				"east": {"uv": [0, 0, 0.75, 0.75], "texture": "#1"},
				"south": {"uv": [0, 0, 0.75, 0.75], "texture": "#1"},
				"west": {"uv": [0, 0, 12.5, 9.5], "texture": "#1"},
				"up": {"uv": [0, 0, 0.75, 0.75], "rotation": 270, "texture": "#1"},
				"down": {"uv": [0, 0, 0.75, 0.75], "rotation": 90, "texture": "#1"}
			}
		},
		{
			"from": [8, 9.25, 8.75],
			"to": [8.75, 10, 9.5],
			"rotation": {"angle": 0, "axis": "y", "origin": [8.875, 8.375, 8.375]},
			"faces": {
				"north": {"uv": [0, 0, 0.75, 0.75], "texture": "#1"},
				"east": {"uv": [0, 0, 0.75, 0.75], "texture": "#1"},
				"south": {"uv": [0, 0, 0.75, 0.75], "texture": "#1"},
				"west": {"uv": [0, 0, 12.5, 9.5], "texture": "#1"},
				"up": {"uv": [0, 0, 0.75, 0.75], "rotation": 270, "texture": "#1"},
				"down": {"uv": [0, 0, 0.75, 0.75], "rotation": 90, "texture": "#1"}
			}
		},
		{
			"from": [9, 9, 8.25],
			"to": [9.75, 9.75, 9],
			"faces": {
				"north": {"uv": [0, 0, 0.75, 0.75], "texture": "#1"},
				"east": {"uv": [0, 0, 0.75, 0.75], "texture": "#1"},
				"south": {"uv": [0, 0, 0.75, 0.75], "texture": "#1"},
				"west": {"uv": [0, 0, 12.5, 9.5], "texture": "#1"},
				"up": {"uv": [0, 0, 0.75, 0.75], "texture": "#1"},
				"down": {"uv": [0, 0, 0.75, 0.75], "texture": "#1"}
			}
		},
		{
			"from": [8.75, 9.25, 8.25],
			"to": [9.5, 10, 9],
			"faces": {
				"north": {"uv": [0, 0, 0.75, 0.75], "texture": "#1"},
				"east": {"uv": [0, 0, 0.75, 0.75], "texture": "#1"},
				"south": {"uv": [0, 0, 0.75, 0.75], "texture": "#1"},
				"west": {"uv": [0, 0, 12.5, 9.5], "texture": "#1"},
				"up": {"uv": [0, 0, 0.75, 0.75], "texture": "#1"},
				"down": {"uv": [0, 0, 0.75, 0.75], "texture": "#1"}
			}
		},
		{
			"from": [7.5, 9.25, 8.25],
			"to": [8.25, 10, 9],
			"faces": {
				"north": {"uv": [0, 0, 0.75, 0.75], "texture": "#1"},
				"east": {"uv": [0, 0, 0.75, 0.75], "texture": "#1"},
				"south": {"uv": [0, 0, 0.75, 0.75], "texture": "#1"},
				"west": {"uv": [0, 0, 12.5, 9.5], "texture": "#1"},
				"up": {"uv": [0, 0, 0.75, 0.75], "texture": "#1"},
				"down": {"uv": [0, 0, 0.75, 0.75], "texture": "#1"}
			}
		},
		{
			"from": [8.25, 9.25, 7.5],
			"to": [9, 10, 8.25],
			"rotation": {"angle": 0, "axis": "y", "origin": [8.875, 8.375, 8.375]},
			"faces": {
				"north": {"uv": [0, 0, 0.75, 0.75], "texture": "#1"},
				"east": {"uv": [0, 0, 0.75, 0.75], "texture": "#1"},
				"south": {"uv": [0, 0, 0.75, 0.75], "texture": "#1"},
				"west": {"uv": [0, 0, 12.5, 9.5], "texture": "#1"},
				"up": {"uv": [0, 0, 0.75, 0.75], "rotation": 270, "texture": "#1"},
				"down": {"uv": [0, 0, 0.75, 0.75], "rotation": 90, "texture": "#1"}
			}
		},
		{
			"from": [8.25, 9.25, 8.75],
			"to": [9, 10, 9.5],
			"rotation": {"angle": 0, "axis": "y", "origin": [8.875, 8.375, 8.375]},
			"faces": {
				"north": {"uv": [0, 0, 0.75, 0.75], "texture": "#1"},
				"east": {"uv": [0, 0, 0.75, 0.75], "texture": "#1"},
				"south": {"uv": [0, 0, 0.75, 0.75], "texture": "#1"},
				"west": {"uv": [0, 0, 12.5, 9.5], "texture": "#1"},
				"up": {"uv": [0, 0, 0.75, 0.75], "rotation": 270, "texture": "#1"},
				"down": {"uv": [0, 0, 0.75, 0.75], "rotation": 90, "texture": "#1"}
			}
		},
		{
			"from": [9, 9, 8.5],
			"to": [9.75, 9.75, 9.25],
			"faces": {
				"north": {"uv": [0, 0, 0.75, 0.75], "texture": "#1"},
				"east": {"uv": [0, 0, 0.75, 0.75], "texture": "#1"},
				"south": {"uv": [0, 0, 0.75, 0.75], "texture": "#1"},
				"west": {"uv": [0, 0, 12.5, 9.5], "texture": "#1"},
				"up": {"uv": [0, 0, 0.75, 0.75], "texture": "#1"},
				"down": {"uv": [0, 0, 0.75, 0.75], "texture": "#1"}
			}
		},
		{
			"from": [8.75, 9.25, 8.5],
			"to": [9.5, 10, 9.25],
			"faces": {
				"north": {"uv": [0, 0, 0.75, 0.75], "texture": "#1"},
				"east": {"uv": [0, 0, 0.75, 0.75], "texture": "#1"},
				"south": {"uv": [0, 0, 0.75, 0.75], "texture": "#1"},
				"west": {"uv": [0, 0, 12.5, 9.5], "texture": "#1"},
				"up": {"uv": [0, 0, 0.75, 0.75], "texture": "#1"},
				"down": {"uv": [0, 0, 0.75, 0.75], "texture": "#1"}
			}
		},
		{
			"from": [7.5, 9.25, 8.5],
			"to": [8.25, 10, 9.25],
			"faces": {
				"north": {"uv": [0, 0, 0.75, 0.75], "texture": "#1"},
				"east": {"uv": [0, 0, 0.75, 0.75], "texture": "#1"},
				"south": {"uv": [0, 0, 0.75, 0.75], "texture": "#1"},
				"west": {"uv": [0, 0, 12.5, 9.5], "texture": "#1"},
				"up": {"uv": [0, 0, 0.75, 0.75], "texture": "#1"},
				"down": {"uv": [0, 0, 0.75, 0.75], "texture": "#1"}
			}
		},
		{
			"from": [8.5, 9.25, 7.5],
			"to": [9.25, 10, 8.25],
			"rotation": {"angle": 0, "axis": "y", "origin": [8.875, 8.375, 8.375]},
			"faces": {
				"north": {"uv": [0, 0, 0.75, 0.75], "texture": "#1"},
				"east": {"uv": [0, 0, 0.75, 0.75], "texture": "#1"},
				"south": {"uv": [0, 0, 0.75, 0.75], "texture": "#1"},
				"west": {"uv": [0, 0, 12.5, 9.5], "texture": "#1"},
				"up": {"uv": [0, 0, 0.75, 0.75], "rotation": 270, "texture": "#1"},
				"down": {"uv": [0, 0, 0.75, 0.75], "rotation": 90, "texture": "#1"}
			}
		},
		{
			"from": [8.5, 9.25, 8.75],
			"to": [9.25, 10, 9.5],
			"rotation": {"angle": 0, "axis": "y", "origin": [8.875, 8.375, 8.375]},
			"faces": {
				"north": {"uv": [0, 0, 0.75, 0.75], "texture": "#1"},
				"east": {"uv": [0, 0, 0.75, 0.75], "texture": "#1"},
				"south": {"uv": [0, 0, 0.75, 0.75], "texture": "#1"},
				"west": {"uv": [0, 0, 12.5, 9.5], "texture": "#1"},
				"up": {"uv": [0, 0, 0.75, 0.75], "rotation": 270, "texture": "#1"},
				"down": {"uv": [0, 0, 0.75, 0.75], "rotation": 90, "texture": "#1"}
			}
		},
		{
			"from": [8.75, 9, 8.75],
			"to": [9.5, 9.75, 9.5],
			"faces": {
				"north": {"uv": [0, 0, 0.75, 0.75], "texture": "#1"},
				"east": {"uv": [0, 0, 0.75, 0.75], "texture": "#1"},
				"south": {"uv": [0, 0, 0.75, 0.75], "texture": "#1"},
				"west": {"uv": [0, 0, 12.5, 9.5], "texture": "#1"},
				"up": {"uv": [0, 0, 0.75, 0.75], "texture": "#1"},
				"down": {"uv": [0, 0, 0.75, 0.75], "texture": "#1"}
			}
		},
		{
			"from": [8.5, 9, 9],
			"to": [9.25, 9.75, 9.75],
			"faces": {
				"north": {"uv": [0, 0, 0.75, 0.75], "texture": "#1"},
				"east": {"uv": [0, 0, 0.75, 0.75], "texture": "#1"},
				"south": {"uv": [0, 0, 0.75, 0.75], "texture": "#1"},
				"west": {"uv": [0, 0, 12.5, 9.5], "texture": "#1"},
				"up": {"uv": [0, 0, 0.75, 0.75], "texture": "#1"},
				"down": {"uv": [0, 0, 0.75, 0.75], "texture": "#1"}
			}
		},
		{
			"from": [8.25, 9, 9],
			"to": [9, 9.75, 9.75],
			"faces": {
				"north": {"uv": [0, 0, 0.75, 0.75], "texture": "#1"},
				"east": {"uv": [0, 0, 0.75, 0.75], "texture": "#1"},
				"south": {"uv": [0, 0, 0.75, 0.75], "texture": "#1"},
				"west": {"uv": [0, 0, 12.5, 9.5], "texture": "#1"},
				"up": {"uv": [0, 0, 0.75, 0.75], "texture": "#1"},
				"down": {"uv": [0, 0, 0.75, 0.75], "texture": "#1"}
			}
		},
		{
			"from": [8, 9, 9],
			"to": [8.75, 9.75, 9.75],
			"faces": {
				"north": {"uv": [0, 0, 0.75, 0.75], "texture": "#1"},
				"east": {"uv": [0, 0, 0.75, 0.75], "texture": "#1"},
				"south": {"uv": [0, 0, 0.75, 0.75], "texture": "#1"},
				"west": {"uv": [0, 0, 12.5, 9.5], "texture": "#1"},
				"up": {"uv": [0, 0, 0.75, 0.75], "texture": "#1"},
				"down": {"uv": [0, 0, 0.75, 0.75], "texture": "#1"}
			}
		},
		{
			"from": [7.75, 9, 9],
			"to": [8.5, 9.75, 9.75],
			"faces": {
				"north": {"uv": [0, 0, 0.75, 0.75], "texture": "#1"},
				"east": {"uv": [0, 0, 0.75, 0.75], "texture": "#1"},
				"south": {"uv": [0, 0, 0.75, 0.75], "texture": "#1"},
				"west": {"uv": [0, 0, 12.5, 9.5], "texture": "#1"},
				"up": {"uv": [0, 0, 0.75, 0.75], "texture": "#1"},
				"down": {"uv": [0, 0, 0.75, 0.75], "texture": "#1"}
			}
		},
		{
			"from": [7.5, 9, 8.75],
			"to": [8.25, 9.75, 9.5],
			"faces": {
				"north": {"uv": [0, 0, 0.75, 0.75], "texture": "#1"},
				"east": {"uv": [0, 0, 0.75, 0.75], "texture": "#1"},
				"south": {"uv": [0, 0, 0.75, 0.75], "texture": "#1"},
				"west": {"uv": [0, 0, 12.5, 9.5], "texture": "#1"},
				"up": {"uv": [0, 0, 0.75, 0.75], "texture": "#1"},
				"down": {"uv": [0, 0, 0.75, 0.75], "texture": "#1"}
			}
		},
		{
			"from": [7.25, 9, 8.5],
			"to": [8, 9.75, 9.25],
			"faces": {
				"north": {"uv": [0, 0, 0.75, 0.75], "texture": "#1"},
				"east": {"uv": [0, 0, 0.75, 0.75], "texture": "#1"},
				"south": {"uv": [0, 0, 0.75, 0.75], "texture": "#1"},
				"west": {"uv": [0, 0, 12.5, 9.5], "texture": "#1"},
				"up": {"uv": [0, 0, 0.75, 0.75], "texture": "#1"},
				"down": {"uv": [0, 0, 0.75, 0.75], "texture": "#1"}
			}
		},
		{
			"from": [7.25, 9, 8.25],
			"to": [8, 9.75, 9],
			"faces": {
				"north": {"uv": [0, 0, 0.75, 0.75], "texture": "#1"},
				"east": {"uv": [0, 0, 0.75, 0.75], "texture": "#1"},
				"south": {"uv": [0, 0, 0.75, 0.75], "texture": "#1"},
				"west": {"uv": [0, 0, 12.5, 9.5], "texture": "#1"},
				"up": {"uv": [0, 0, 0.75, 0.75], "texture": "#1"},
				"down": {"uv": [0, 0, 0.75, 0.75], "texture": "#1"}
			}
		},
		{
			"from": [7.25, 9, 8],
			"to": [8, 9.75, 8.75],
			"faces": {
				"north": {"uv": [0, 0, 0.75, 0.75], "texture": "#1"},
				"east": {"uv": [0, 0, 0.75, 0.75], "texture": "#1"},
				"south": {"uv": [0, 0, 0.75, 0.75], "texture": "#1"},
				"west": {"uv": [0, 0, 12.5, 9.5], "texture": "#1"},
				"up": {"uv": [0, 0, 0.75, 0.75], "texture": "#1"},
				"down": {"uv": [0, 0, 0.75, 0.75], "texture": "#1"}
			}
		},
		{
			"from": [7.25, 9, 7.75],
			"to": [8, 9.75, 8.5],
			"faces": {
				"north": {"uv": [0, 0, 0.75, 0.75], "texture": "#1"},
				"east": {"uv": [0, 0, 0.75, 0.75], "texture": "#1"},
				"south": {"uv": [0, 0, 0.75, 0.75], "texture": "#1"},
				"west": {"uv": [0, 0, 12.5, 9.5], "texture": "#1"},
				"up": {"uv": [0, 0, 0.75, 0.75], "texture": "#1"},
				"down": {"uv": [0, 0, 0.75, 0.75], "texture": "#1"}
			}
		},
		{
			"from": [7.5, 9, 7.5],
			"to": [8.25, 9.75, 8.25],
			"faces": {
				"north": {"uv": [0, 0, 0.75, 0.75], "texture": "#1"},
				"east": {"uv": [0, 0, 0.75, 0.75], "texture": "#1"},
				"south": {"uv": [0, 0, 0.75, 0.75], "texture": "#1"},
				"west": {"uv": [0, 0, 12.5, 9.5], "texture": "#1"},
				"up": {"uv": [0, 0, 0.75, 0.75], "texture": "#1"},
				"down": {"uv": [0, 0, 0.75, 0.75], "texture": "#1"}
			}
		},
		{
			"from": [7.75, 9, 7.25],
			"to": [8.5, 9.75, 8],
			"faces": {
				"north": {"uv": [0, 0, 0.75, 0.75], "texture": "#1"},
				"east": {"uv": [0, 0, 0.75, 0.75], "texture": "#1"},
				"south": {"uv": [0, 0, 0.75, 0.75], "texture": "#1"},
				"west": {"uv": [0, 0, 12.5, 9.5], "texture": "#1"},
				"up": {"uv": [0, 0, 0.75, 0.75], "texture": "#1"},
				"down": {"uv": [0, 0, 0.75, 0.75], "texture": "#1"}
			}
		},
		{
			"from": [8, 9, 7.25],
			"to": [8.75, 9.75, 8],
			"faces": {
				"north": {"uv": [0, 0, 0.75, 0.75], "texture": "#1"},
				"east": {"uv": [0, 0, 0.75, 0.75], "texture": "#1"},
				"south": {"uv": [0, 0, 0.75, 0.75], "texture": "#1"},
				"west": {"uv": [0, 0, 12.5, 9.5], "texture": "#1"},
				"up": {"uv": [0, 0, 0.75, 0.75], "texture": "#1"},
				"down": {"uv": [0, 0, 0.75, 0.75], "texture": "#1"}
			}
		},
		{
			"from": [8.25, 9, 7.25],
			"to": [9, 9.75, 8],
			"faces": {
				"north": {"uv": [0, 0, 0.75, 0.75], "texture": "#1"},
				"east": {"uv": [0, 0, 0.75, 0.75], "texture": "#1"},
				"south": {"uv": [0, 0, 0.75, 0.75], "texture": "#1"},
				"west": {"uv": [0, 0, 12.5, 9.5], "texture": "#1"},
				"up": {"uv": [0, 0, 0.75, 0.75], "texture": "#1"},
				"down": {"uv": [0, 0, 0.75, 0.75], "texture": "#1"}
			}
		},
		{
			"from": [8.5, 9, 7.25],
			"to": [9.25, 9.75, 8],
			"faces": {
				"north": {"uv": [0, 0, 0.75, 0.75], "texture": "#1"},
				"east": {"uv": [0, 0, 0.75, 0.75], "texture": "#1"},
				"south": {"uv": [0, 0, 0.75, 0.75], "texture": "#1"},
				"west": {"uv": [0, 0, 12.5, 9.5], "texture": "#1"},
				"up": {"uv": [0, 0, 0.75, 0.75], "texture": "#1"},
				"down": {"uv": [0, 0, 0.75, 0.75], "texture": "#1"}
			}
		},
		{
			"from": [8.75, 9, 7.5],
			"to": [9.5, 9.75, 8.25],
			"faces": {
				"north": {"uv": [0, 0, 0.75, 0.75], "texture": "#1"},
				"east": {"uv": [0, 0, 0.75, 0.75], "texture": "#1"},
				"south": {"uv": [0, 0, 0.75, 0.75], "texture": "#1"},
				"west": {"uv": [0, 0, 12.5, 9.5], "texture": "#1"},
				"up": {"uv": [0, 0, 0.75, 0.75], "texture": "#1"},
				"down": {"uv": [0, 0, 0.75, 0.75], "texture": "#1"}
			}
		},
		{
			"from": [9, 8.75, 7.75],
			"to": [9.75, 9.5, 8.5],
			"rotation": {"angle": 0, "axis": "y", "origin": [0, 16, 0]},
			"faces": {
				"north": {"uv": [0, 0.25, 0.75, 1], "texture": "#1"},
				"east": {"uv": [0, 0.25, 0.75, 1], "texture": "#1"},
				"south": {"uv": [0, 0.25, 0.75, 1], "texture": "#1"},
				"west": {"uv": [0, 0, 12.5, 9.5], "texture": "#1"},
				"up": {"uv": [0, 0.25, 0.75, 1], "texture": "#1"},
				"down": {"uv": [0, 0.25, 0.75, 1], "texture": "#1"}
			}
		},
		{
			"from": [8.75, 8.5, 7.75],
			"to": [9.5, 9.25, 8.5],
			"rotation": {"angle": 0, "axis": "y", "origin": [0, 16, 0]},
			"faces": {
				"north": {"uv": [0, 0.25, 0.75, 1], "texture": "#1"},
				"east": {"uv": [0, 0.25, 0.75, 1], "texture": "#1"},
				"south": {"uv": [0, 0.25, 0.75, 1], "texture": "#1"},
				"west": {"uv": [0, 0, 12.5, 9.5], "texture": "#1"},
				"up": {"uv": [0, 0.25, 0.75, 1], "texture": "#1"},
				"down": {"uv": [0, 0.25, 0.75, 1], "texture": "#1"}
			}
		},
		{
			"from": [7.5, 8.5, 7.75],
			"to": [8.25, 9.25, 8.5],
			"rotation": {"angle": 0, "axis": "y", "origin": [0, 16, 0]},
			"faces": {
				"north": {"uv": [0, 0.25, 0.75, 1], "texture": "#1"},
				"east": {"uv": [0, 0.25, 0.75, 1], "texture": "#1"},
				"south": {"uv": [0, 0.25, 0.75, 1], "texture": "#1"},
				"west": {"uv": [0, 0, 12.5, 9.5], "texture": "#1"},
				"up": {"uv": [0, 0.25, 0.75, 1], "texture": "#1"},
				"down": {"uv": [0, 0.25, 0.75, 1], "texture": "#1"}
			}
		},
		{
			"from": [7.75, 8.5, 7.5],
			"to": [8.5, 9.25, 8.25],
			"rotation": {"angle": 0, "axis": "y", "origin": [8.875, 7.625, 8.375]},
			"faces": {
				"north": {"uv": [0, 0.25, 0.75, 1], "texture": "#1"},
				"east": {"uv": [0, 0.25, 0.75, 1], "texture": "#1"},
				"south": {"uv": [0, 0.25, 0.75, 1], "texture": "#1"},
				"west": {"uv": [0, 0, 12.5, 9.5], "texture": "#1"},
				"up": {"uv": [0.25, 0, 1, 0.75], "rotation": 90, "texture": "#1"},
				"down": {"uv": [0.25, 0, 1, 0.75], "rotation": 270, "texture": "#1"}
			}
		},
		{
			"from": [7.75, 8.5, 8.75],
			"to": [8.5, 9.25, 9.5],
			"rotation": {"angle": 0, "axis": "y", "origin": [8.875, 7.625, 8.375]},
			"faces": {
				"north": {"uv": [0, 0.25, 0.75, 1], "texture": "#1"},
				"east": {"uv": [0, 0.25, 0.75, 1], "texture": "#1"},
				"south": {"uv": [0, 0.25, 0.75, 1], "texture": "#1"},
				"west": {"uv": [0, 0, 12.5, 9.5], "texture": "#1"},
				"up": {"uv": [0.25, 0, 1, 0.75], "rotation": 90, "texture": "#1"},
				"down": {"uv": [0.25, 0, 1, 0.75], "rotation": 270, "texture": "#1"}
			}
		},
		{
			"from": [7.75, 8.25, 8.5],
			"to": [8.5, 9, 9.25],
			"rotation": {"angle": 0, "axis": "y", "origin": [8.875, 7.625, 8.375]},
			"faces": {
				"north": {"uv": [0, 0.25, 0.75, 1], "texture": "#1"},
				"east": {"uv": [0, 0.25, 0.75, 1], "texture": "#1"},
				"south": {"uv": [0, 0.25, 0.75, 1], "texture": "#1"},
				"west": {"uv": [0, 0, 12.5, 9.5], "texture": "#1"},
				"up": {"uv": [0.25, 0, 1, 0.75], "rotation": 90, "texture": "#1"},
				"down": {"uv": [0.25, 0, 1, 0.75], "rotation": 270, "texture": "#1"}
			}
		},
		{
			"from": [8, 8.25, 8.5],
			"to": [8.75, 9, 9.25],
			"rotation": {"angle": 0, "axis": "y", "origin": [8.875, 7.625, 8.375]},
			"faces": {
				"north": {"uv": [0, 0.25, 0.75, 1], "texture": "#1"},
				"east": {"uv": [0, 0.25, 0.75, 1], "texture": "#1"},
				"south": {"uv": [0, 0.25, 0.75, 1], "texture": "#1"},
				"west": {"uv": [0, 0, 12.5, 9.5], "texture": "#1"},
				"up": {"uv": [0.25, 0, 1, 0.75], "rotation": 90, "texture": "#1"},
				"down": {"uv": [0.25, 0, 1, 0.75], "rotation": 270, "texture": "#1"}
			}
		},
		{
			"from": [8, 8, 8.25],
			"to": [8.75, 8.75, 9],
			"rotation": {"angle": 0, "axis": "y", "origin": [8.875, 7.625, 8.375]},
			"faces": {
				"north": {"uv": [0, 0.25, 0.75, 1], "texture": "#1"},
				"east": {"uv": [0, 0.25, 0.75, 1], "texture": "#1"},
				"south": {"uv": [0, 0.25, 0.75, 1], "texture": "#1"},
				"west": {"uv": [0, 0, 12.5, 9.5], "texture": "#1"},
				"up": {"uv": [0.25, 0, 1, 0.75], "rotation": 90, "texture": "#1"},
				"down": {"uv": [0.25, 0, 1, 0.75], "rotation": 270, "texture": "#1"}
			}
		},
		{
			"from": [8.25, 8, 8.25],
			"to": [9, 8.75, 9],
			"rotation": {"angle": 0, "axis": "y", "origin": [8.875, 7.625, 8.375]},
			"faces": {
				"north": {"uv": [0, 0.25, 0.75, 1], "texture": "#1"},
				"east": {"uv": [0, 0.25, 0.75, 1], "texture": "#1"},
				"south": {"uv": [0, 0.25, 0.75, 1], "texture": "#1"},
				"west": {"uv": [0, 0, 12.5, 9.5], "texture": "#1"},
				"up": {"uv": [0.25, 0, 1, 0.75], "rotation": 90, "texture": "#1"},
				"down": {"uv": [0.25, 0, 1, 0.75], "rotation": 270, "texture": "#1"}
			}
		},
		{
			"from": [8.25, 8, 8],
			"to": [9, 8.75, 8.75],
			"rotation": {"angle": 0, "axis": "y", "origin": [8.875, 7.625, 8.375]},
			"faces": {
				"north": {"uv": [0, 0.25, 0.75, 1], "texture": "#1"},
				"east": {"uv": [0, 0.25, 0.75, 1], "texture": "#1"},
				"south": {"uv": [0, 0.25, 0.75, 1], "texture": "#1"},
				"west": {"uv": [0, 0, 12.5, 9.5], "texture": "#1"},
				"up": {"uv": [0.25, 0, 1, 0.75], "rotation": 90, "texture": "#1"},
				"down": {"uv": [0.25, 0, 1, 0.75], "rotation": 270, "texture": "#1"}
			}
		},
		{
			"from": [8, 8, 8],
			"to": [8.75, 8.75, 8.75],
			"rotation": {"angle": 0, "axis": "y", "origin": [8.875, 7.625, 8.375]},
			"faces": {
				"north": {"uv": [0, 0.25, 0.75, 1], "texture": "#1"},
				"east": {"uv": [0, 0.25, 0.75, 1], "texture": "#1"},
				"south": {"uv": [0, 0.25, 0.75, 1], "texture": "#1"},
				"west": {"uv": [0, 0, 12.5, 9.5], "texture": "#1"},
				"up": {"uv": [0.25, 0, 1, 0.75], "rotation": 90, "texture": "#1"},
				"down": {"uv": [0.25, 0, 1, 0.75], "rotation": 270, "texture": "#1"}
			}
		},
		{
			"from": [8.25, 8.25, 8.5],
			"to": [9, 9, 9.25],
			"rotation": {"angle": 0, "axis": "y", "origin": [8.875, 7.625, 8.375]},
			"faces": {
				"north": {"uv": [0, 0.25, 0.75, 1], "texture": "#1"},
				"east": {"uv": [0, 0.25, 0.75, 1], "texture": "#1"},
				"south": {"uv": [0, 0.25, 0.75, 1], "texture": "#1"},
				"west": {"uv": [0, 0, 12.5, 9.5], "texture": "#1"},
				"up": {"uv": [0.25, 0, 1, 0.75], "rotation": 90, "texture": "#1"},
				"down": {"uv": [0.25, 0, 1, 0.75], "rotation": 270, "texture": "#1"}
			}
		},
		{
			"from": [8.5, 8.25, 8.5],
			"to": [9.25, 9, 9.25],
			"rotation": {"angle": 0, "axis": "y", "origin": [8.875, 7.625, 8.375]},
			"faces": {
				"north": {"uv": [0, 0.25, 0.75, 1], "texture": "#1"},
				"east": {"uv": [0, 0.25, 0.75, 1], "texture": "#1"},
				"south": {"uv": [0, 0.25, 0.75, 1], "texture": "#1"},
				"west": {"uv": [0, 0, 12.5, 9.5], "texture": "#1"},
				"up": {"uv": [0.25, 0, 1, 0.75], "rotation": 90, "texture": "#1"},
				"down": {"uv": [0.25, 0, 1, 0.75], "rotation": 270, "texture": "#1"}
			}
		},
		{
			"from": [8.5, 8.25, 8.25],
			"to": [9.25, 9, 9],
			"rotation": {"angle": 0, "axis": "y", "origin": [8.875, 7.625, 8.375]},
			"faces": {
				"north": {"uv": [0, 0.25, 0.75, 1], "texture": "#1"},
				"east": {"uv": [0, 0.25, 0.75, 1], "texture": "#1"},
				"south": {"uv": [0, 0.25, 0.75, 1], "texture": "#1"},
				"west": {"uv": [0, 0, 12.5, 9.5], "texture": "#1"},
				"up": {"uv": [0.25, 0, 1, 0.75], "rotation": 90, "texture": "#1"},
				"down": {"uv": [0.25, 0, 1, 0.75], "rotation": 270, "texture": "#1"}
			}
		},
		{
			"from": [8.5, 8.25, 8],
			"to": [9.25, 9, 8.75],
			"rotation": {"angle": 0, "axis": "y", "origin": [8.875, 7.625, 8.375]},
			"faces": {
				"north": {"uv": [0, 0.25, 0.75, 1], "texture": "#1"},
				"east": {"uv": [0, 0.25, 0.75, 1], "texture": "#1"},
				"south": {"uv": [0, 0.25, 0.75, 1], "texture": "#1"},
				"west": {"uv": [0, 0, 12.5, 9.5], "texture": "#1"},
				"up": {"uv": [0.25, 0, 1, 0.75], "rotation": 90, "texture": "#1"},
				"down": {"uv": [0.25, 0, 1, 0.75], "rotation": 270, "texture": "#1"}
			}
		},
		{
			"from": [8.5, 8.25, 7.75],
			"to": [9.25, 9, 8.5],
			"rotation": {"angle": 0, "axis": "y", "origin": [8.875, 7.625, 8.375]},
			"faces": {
				"north": {"uv": [0, 0.25, 0.75, 1], "texture": "#1"},
				"east": {"uv": [0, 0.25, 0.75, 1], "texture": "#1"},
				"south": {"uv": [0, 0.25, 0.75, 1], "texture": "#1"},
				"west": {"uv": [0, 0, 12.5, 9.5], "texture": "#1"},
				"up": {"uv": [0.25, 0, 1, 0.75], "rotation": 90, "texture": "#1"},
				"down": {"uv": [0.25, 0, 1, 0.75], "rotation": 270, "texture": "#1"}
			}
		},
		{
			"from": [8.25, 8.25, 7.75],
			"to": [9, 9, 8.5],
			"rotation": {"angle": 0, "axis": "y", "origin": [8.875, 7.625, 8.375]},
			"faces": {
				"north": {"uv": [0, 0.25, 0.75, 1], "texture": "#1"},
				"east": {"uv": [0, 0.25, 0.75, 1], "texture": "#1"},
				"south": {"uv": [0, 0.25, 0.75, 1], "texture": "#1"},
				"west": {"uv": [0, 0, 12.5, 9.5], "texture": "#1"},
				"up": {"uv": [0.25, 0, 1, 0.75], "rotation": 90, "texture": "#1"},
				"down": {"uv": [0.25, 0, 1, 0.75], "rotation": 270, "texture": "#1"}
			}
		},
		{
			"from": [8, 8.25, 7.75],
			"to": [8.75, 9, 8.5],
			"rotation": {"angle": 0, "axis": "y", "origin": [8.875, 7.625, 8.375]},
			"faces": {
				"north": {"uv": [0, 0.25, 0.75, 1], "texture": "#1"},
				"east": {"uv": [0, 0.25, 0.75, 1], "texture": "#1"},
				"south": {"uv": [0, 0.25, 0.75, 1], "texture": "#1"},
				"west": {"uv": [0, 0, 12.5, 9.5], "texture": "#1"},
				"up": {"uv": [0.25, 0, 1, 0.75], "rotation": 90, "texture": "#1"},
				"down": {"uv": [0.25, 0, 1, 0.75], "rotation": 270, "texture": "#1"}
			}
		},
		{
			"from": [7.75, 8.25, 7.75],
			"to": [8.5, 9, 8.5],
			"rotation": {"angle": 0, "axis": "y", "origin": [8.875, 7.625, 8.375]},
			"faces": {
				"north": {"uv": [0, 0.25, 0.75, 1], "texture": "#1"},
				"east": {"uv": [0, 0.25, 0.75, 1], "texture": "#1"},
				"south": {"uv": [0, 0.25, 0.75, 1], "texture": "#1"},
				"west": {"uv": [0, 0, 12.5, 9.5], "texture": "#1"},
				"up": {"uv": [0.25, 0, 1, 0.75], "rotation": 90, "texture": "#1"},
				"down": {"uv": [0.25, 0, 1, 0.75], "rotation": 270, "texture": "#1"}
			}
		},
		{
			"from": [7.75, 8.25, 8],
			"to": [8.5, 9, 8.75],
			"rotation": {"angle": 0, "axis": "y", "origin": [8.875, 7.625, 8.375]},
			"faces": {
				"north": {"uv": [0, 0.25, 0.75, 1], "texture": "#1"},
				"east": {"uv": [0, 0.25, 0.75, 1], "texture": "#1"},
				"south": {"uv": [0, 0.25, 0.75, 1], "texture": "#1"},
				"west": {"uv": [0, 0, 12.5, 9.5], "texture": "#1"},
				"up": {"uv": [0.25, 0, 1, 0.75], "rotation": 90, "texture": "#1"},
				"down": {"uv": [0.25, 0, 1, 0.75], "rotation": 270, "texture": "#1"}
			}
		},
		{
			"from": [7.75, 8.25, 8.25],
			"to": [8.5, 9, 9],
			"rotation": {"angle": 0, "axis": "y", "origin": [8.875, 7.625, 8.375]},
			"faces": {
				"north": {"uv": [0, 0.25, 0.75, 1], "texture": "#1"},
				"east": {"uv": [0, 0.25, 0.75, 1], "texture": "#1"},
				"south": {"uv": [0, 0.25, 0.75, 1], "texture": "#1"},
				"west": {"uv": [0, 0, 12.5, 9.5], "texture": "#1"},
				"up": {"uv": [0.25, 0, 1, 0.75], "rotation": 90, "texture": "#1"},
				"down": {"uv": [0.25, 0, 1, 0.75], "rotation": 270, "texture": "#1"}
			}
		},
		{
			"from": [9, 8.75, 8],
			"to": [9.75, 9.5, 8.75],
			"rotation": {"angle": 0, "axis": "y", "origin": [0, 16, 0]},
			"faces": {
				"north": {"uv": [0, 0.25, 0.75, 1], "texture": "#1"},
				"east": {"uv": [0, 0.25, 0.75, 1], "texture": "#1"},
				"south": {"uv": [0, 0.25, 0.75, 1], "texture": "#1"},
				"west": {"uv": [0, 0, 12.5, 9.5], "texture": "#1"},
				"up": {"uv": [0, 0.25, 0.75, 1], "texture": "#1"},
				"down": {"uv": [0, 0.25, 0.75, 1], "texture": "#1"}
			}
		},
		{
			"from": [8.75, 8.5, 8],
			"to": [9.5, 9.25, 8.75],
			"rotation": {"angle": 0, "axis": "y", "origin": [0, 16, 0]},
			"faces": {
				"north": {"uv": [0, 0.25, 0.75, 1], "texture": "#1"},
				"east": {"uv": [0, 0.25, 0.75, 1], "texture": "#1"},
				"south": {"uv": [0, 0.25, 0.75, 1], "texture": "#1"},
				"west": {"uv": [0, 0, 12.5, 9.5], "texture": "#1"},
				"up": {"uv": [0, 0.25, 0.75, 1], "texture": "#1"},
				"down": {"uv": [0, 0.25, 0.75, 1], "texture": "#1"}
			}
		},
		{
			"from": [7.5, 8.5, 8],
			"to": [8.25, 9.25, 8.75],
			"rotation": {"angle": 0, "axis": "y", "origin": [0, 16, 0]},
			"faces": {
				"north": {"uv": [0, 0.25, 0.75, 1], "texture": "#1"},
				"east": {"uv": [0, 0.25, 0.75, 1], "texture": "#1"},
				"south": {"uv": [0, 0.25, 0.75, 1], "texture": "#1"},
				"west": {"uv": [0, 0, 12.5, 9.5], "texture": "#1"},
				"up": {"uv": [0, 0.25, 0.75, 1], "texture": "#1"},
				"down": {"uv": [0, 0.25, 0.75, 1], "texture": "#1"}
			}
		},
		{
			"from": [8, 8.5, 7.5],
			"to": [8.75, 9.25, 8.25],
			"rotation": {"angle": 0, "axis": "y", "origin": [8.875, 7.625, 8.375]},
			"faces": {
				"north": {"uv": [0, 0.25, 0.75, 1], "texture": "#1"},
				"east": {"uv": [0, 0.25, 0.75, 1], "texture": "#1"},
				"south": {"uv": [0, 0.25, 0.75, 1], "texture": "#1"},
				"west": {"uv": [0, 0, 12.5, 9.5], "texture": "#1"},
				"up": {"uv": [0.25, 0, 1, 0.75], "rotation": 90, "texture": "#1"},
				"down": {"uv": [0.25, 0, 1, 0.75], "rotation": 270, "texture": "#1"}
			}
		},
		{
			"from": [8, 8.5, 8.75],
			"to": [8.75, 9.25, 9.5],
			"rotation": {"angle": 0, "axis": "y", "origin": [8.875, 7.625, 8.375]},
			"faces": {
				"north": {"uv": [0, 0.25, 0.75, 1], "texture": "#1"},
				"east": {"uv": [0, 0.25, 0.75, 1], "texture": "#1"},
				"south": {"uv": [0, 0.25, 0.75, 1], "texture": "#1"},
				"west": {"uv": [0, 0, 12.5, 9.5], "texture": "#1"},
				"up": {"uv": [0.25, 0, 1, 0.75], "rotation": 90, "texture": "#1"},
				"down": {"uv": [0.25, 0, 1, 0.75], "rotation": 270, "texture": "#1"}
			}
		},
		{
			"from": [9, 8.75, 8.25],
			"to": [9.75, 9.5, 9],
			"rotation": {"angle": 0, "axis": "y", "origin": [0, 16, 0]},
			"faces": {
				"north": {"uv": [0, 0.25, 0.75, 1], "texture": "#1"},
				"east": {"uv": [0, 0.25, 0.75, 1], "texture": "#1"},
				"south": {"uv": [0, 0.25, 0.75, 1], "texture": "#1"},
				"west": {"uv": [0, 0, 12.5, 9.5], "texture": "#1"},
				"up": {"uv": [0, 0.25, 0.75, 1], "texture": "#1"},
				"down": {"uv": [0, 0.25, 0.75, 1], "texture": "#1"}
			}
		},
		{
			"from": [8.75, 8.5, 8.25],
			"to": [9.5, 9.25, 9],
			"rotation": {"angle": 0, "axis": "y", "origin": [0, 16, 0]},
			"faces": {
				"north": {"uv": [0, 0.25, 0.75, 1], "texture": "#1"},
				"east": {"uv": [0, 0.25, 0.75, 1], "texture": "#1"},
				"south": {"uv": [0, 0.25, 0.75, 1], "texture": "#1"},
				"west": {"uv": [0, 0, 12.5, 9.5], "texture": "#1"},
				"up": {"uv": [0, 0.25, 0.75, 1], "texture": "#1"},
				"down": {"uv": [0, 0.25, 0.75, 1], "texture": "#1"}
			}
		},
		{
			"from": [7.5, 8.5, 8.25],
			"to": [8.25, 9.25, 9],
			"rotation": {"angle": 0, "axis": "y", "origin": [0, 16, 0]},
			"faces": {
				"north": {"uv": [0, 0.25, 0.75, 1], "texture": "#1"},
				"east": {"uv": [0, 0.25, 0.75, 1], "texture": "#1"},
				"south": {"uv": [0, 0.25, 0.75, 1], "texture": "#1"},
				"west": {"uv": [0, 0, 12.5, 9.5], "texture": "#1"},
				"up": {"uv": [0, 0.25, 0.75, 1], "texture": "#1"},
				"down": {"uv": [0, 0.25, 0.75, 1], "texture": "#1"}
			}
		},
		{
			"from": [8.25, 8.5, 7.5],
			"to": [9, 9.25, 8.25],
			"rotation": {"angle": 0, "axis": "y", "origin": [8.875, 7.625, 8.375]},
			"faces": {
				"north": {"uv": [0, 0.25, 0.75, 1], "texture": "#1"},
				"east": {"uv": [0, 0.25, 0.75, 1], "texture": "#1"},
				"south": {"uv": [0, 0.25, 0.75, 1], "texture": "#1"},
				"west": {"uv": [0, 0, 12.5, 9.5], "texture": "#1"},
				"up": {"uv": [0.25, 0, 1, 0.75], "rotation": 90, "texture": "#1"},
				"down": {"uv": [0.25, 0, 1, 0.75], "rotation": 270, "texture": "#1"}
			}
		},
		{
			"from": [8.25, 8.5, 8.75],
			"to": [9, 9.25, 9.5],
			"rotation": {"angle": 0, "axis": "y", "origin": [8.875, 7.625, 8.375]},
			"faces": {
				"north": {"uv": [0, 0.25, 0.75, 1], "texture": "#1"},
				"east": {"uv": [0, 0.25, 0.75, 1], "texture": "#1"},
				"south": {"uv": [0, 0.25, 0.75, 1], "texture": "#1"},
				"west": {"uv": [0, 0, 12.5, 9.5], "texture": "#1"},
				"up": {"uv": [0.25, 0, 1, 0.75], "rotation": 90, "texture": "#1"},
				"down": {"uv": [0.25, 0, 1, 0.75], "rotation": 270, "texture": "#1"}
			}
		},
		{
			"from": [9, 8.75, 8.5],
			"to": [9.75, 9.5, 9.25],
			"rotation": {"angle": 0, "axis": "y", "origin": [0, 16, 0]},
			"faces": {
				"north": {"uv": [0, 0.25, 0.75, 1], "texture": "#1"},
				"east": {"uv": [0, 0.25, 0.75, 1], "texture": "#1"},
				"south": {"uv": [0, 0.25, 0.75, 1], "texture": "#1"},
				"west": {"uv": [0, 0, 12.5, 9.5], "texture": "#1"},
				"up": {"uv": [0, 0.25, 0.75, 1], "texture": "#1"},
				"down": {"uv": [0, 0.25, 0.75, 1], "texture": "#1"}
			}
		},
		{
			"from": [8.75, 8.5, 8.5],
			"to": [9.5, 9.25, 9.25],
			"rotation": {"angle": 0, "axis": "y", "origin": [0, 16, 0]},
			"faces": {
				"north": {"uv": [0, 0.25, 0.75, 1], "texture": "#1"},
				"east": {"uv": [0, 0.25, 0.75, 1], "texture": "#1"},
				"south": {"uv": [0, 0.25, 0.75, 1], "texture": "#1"},
				"west": {"uv": [0, 0, 12.5, 9.5], "texture": "#1"},
				"up": {"uv": [0, 0.25, 0.75, 1], "texture": "#1"},
				"down": {"uv": [0, 0.25, 0.75, 1], "texture": "#1"}
			}
		},
		{
			"from": [7.5, 8.5, 8.5],
			"to": [8.25, 9.25, 9.25],
			"rotation": {"angle": 0, "axis": "y", "origin": [0, 16, 0]},
			"faces": {
				"north": {"uv": [0, 0.25, 0.75, 1], "texture": "#1"},
				"east": {"uv": [0, 0.25, 0.75, 1], "texture": "#1"},
				"south": {"uv": [0, 0.25, 0.75, 1], "texture": "#1"},
				"west": {"uv": [0, 0, 12.5, 9.5], "texture": "#1"},
				"up": {"uv": [0, 0.25, 0.75, 1], "texture": "#1"},
				"down": {"uv": [0, 0.25, 0.75, 1], "texture": "#1"}
			}
		},
		{
			"from": [8.5, 8.5, 7.5],
			"to": [9.25, 9.25, 8.25],
			"rotation": {"angle": 0, "axis": "y", "origin": [8.875, 7.625, 8.375]},
			"faces": {
				"north": {"uv": [0, 0.25, 0.75, 1], "texture": "#1"},
				"east": {"uv": [0, 0.25, 0.75, 1], "texture": "#1"},
				"south": {"uv": [0, 0.25, 0.75, 1], "texture": "#1"},
				"west": {"uv": [0, 0, 12.5, 9.5], "texture": "#1"},
				"up": {"uv": [0.25, 0, 1, 0.75], "rotation": 90, "texture": "#1"},
				"down": {"uv": [0.25, 0, 1, 0.75], "rotation": 270, "texture": "#1"}
			}
		},
		{
			"from": [8.5, 8.5, 8.75],
			"to": [9.25, 9.25, 9.5],
			"rotation": {"angle": 0, "axis": "y", "origin": [8.875, 7.625, 8.375]},
			"faces": {
				"north": {"uv": [0, 0.25, 0.75, 1], "texture": "#1"},
				"east": {"uv": [0, 0.25, 0.75, 1], "texture": "#1"},
				"south": {"uv": [0, 0.25, 0.75, 1], "texture": "#1"},
				"west": {"uv": [0, 0, 12.5, 9.5], "texture": "#1"},
				"up": {"uv": [0.25, 0, 1, 0.75], "rotation": 90, "texture": "#1"},
				"down": {"uv": [0.25, 0, 1, 0.75], "rotation": 270, "texture": "#1"}
			}
		},
		{
			"from": [8.75, 8.75, 8.75],
			"to": [9.5, 9.5, 9.5],
			"rotation": {"angle": 0, "axis": "y", "origin": [0, 16, 0]},
			"faces": {
				"north": {"uv": [0, 0.25, 0.75, 1], "texture": "#1"},
				"east": {"uv": [0, 0.25, 0.75, 1], "texture": "#1"},
				"south": {"uv": [0, 0.25, 0.75, 1], "texture": "#1"},
				"west": {"uv": [0, 0, 12.5, 9.5], "texture": "#1"},
				"up": {"uv": [0, 0.25, 0.75, 1], "texture": "#1"},
				"down": {"uv": [0, 0.25, 0.75, 1], "texture": "#1"}
			}
		},
		{
			"from": [8.5, 8.75, 9],
			"to": [9.25, 9.5, 9.75],
			"rotation": {"angle": 0, "axis": "y", "origin": [0, 16, 0]},
			"faces": {
				"north": {"uv": [0, 0.25, 0.75, 1], "texture": "#1"},
				"east": {"uv": [0, 0.25, 0.75, 1], "texture": "#1"},
				"south": {"uv": [0, 0.25, 0.75, 1], "texture": "#1"},
				"west": {"uv": [0, 0, 12.5, 9.5], "texture": "#1"},
				"up": {"uv": [0, 0.25, 0.75, 1], "texture": "#1"},
				"down": {"uv": [0, 0.25, 0.75, 1], "texture": "#1"}
			}
		},
		{
			"from": [8.25, 8.75, 9],
			"to": [9, 9.5, 9.75],
			"rotation": {"angle": 0, "axis": "y", "origin": [0, 16, 0]},
			"faces": {
				"north": {"uv": [0, 0.25, 0.75, 1], "texture": "#1"},
				"east": {"uv": [0, 0.25, 0.75, 1], "texture": "#1"},
				"south": {"uv": [0, 0.25, 0.75, 1], "texture": "#1"},
				"west": {"uv": [0, 0, 12.5, 9.5], "texture": "#1"},
				"up": {"uv": [0, 0.25, 0.75, 1], "texture": "#1"},
				"down": {"uv": [0, 0.25, 0.75, 1], "texture": "#1"}
			}
		},
		{
			"from": [8, 8.75, 9],
			"to": [8.75, 9.5, 9.75],
			"rotation": {"angle": 0, "axis": "y", "origin": [0, 16, 0]},
			"faces": {
				"north": {"uv": [0, 0.25, 0.75, 1], "texture": "#1"},
				"east": {"uv": [0, 0.25, 0.75, 1], "texture": "#1"},
				"south": {"uv": [0, 0.25, 0.75, 1], "texture": "#1"},
				"west": {"uv": [0, 0, 12.5, 9.5], "texture": "#1"},
				"up": {"uv": [0, 0.25, 0.75, 1], "texture": "#1"},
				"down": {"uv": [0, 0.25, 0.75, 1], "texture": "#1"}
			}
		},
		{
			"from": [7.75, 8.75, 9],
			"to": [8.5, 9.5, 9.75],
			"rotation": {"angle": 0, "axis": "y", "origin": [0, 16, 0]},
			"faces": {
				"north": {"uv": [0, 0.25, 0.75, 1], "texture": "#1"},
				"east": {"uv": [0, 0.25, 0.75, 1], "texture": "#1"},
				"south": {"uv": [0, 0.25, 0.75, 1], "texture": "#1"},
				"west": {"uv": [0, 0, 12.5, 9.5], "texture": "#1"},
				"up": {"uv": [0, 0.25, 0.75, 1], "texture": "#1"},
				"down": {"uv": [0, 0.25, 0.75, 1], "texture": "#1"}
			}
		},
		{
			"from": [7.5, 8.75, 8.75],
			"to": [8.25, 9.5, 9.5],
			"rotation": {"angle": 0, "axis": "y", "origin": [0, 16, 0]},
			"faces": {
				"north": {"uv": [0, 0.25, 0.75, 1], "texture": "#1"},
				"east": {"uv": [0, 0.25, 0.75, 1], "texture": "#1"},
				"south": {"uv": [0, 0.25, 0.75, 1], "texture": "#1"},
				"west": {"uv": [0, 0, 12.5, 9.5], "texture": "#1"},
				"up": {"uv": [0, 0.25, 0.75, 1], "texture": "#1"},
				"down": {"uv": [0, 0.25, 0.75, 1], "texture": "#1"}
			}
		},
		{
			"from": [7.25, 8.75, 8.5],
			"to": [8, 9.5, 9.25],
			"rotation": {"angle": 0, "axis": "y", "origin": [0, 16, 0]},
			"faces": {
				"north": {"uv": [0, 0.25, 0.75, 1], "texture": "#1"},
				"east": {"uv": [0, 0.25, 0.75, 1], "texture": "#1"},
				"south": {"uv": [0, 0.25, 0.75, 1], "texture": "#1"},
				"west": {"uv": [0, 0, 12.5, 9.5], "texture": "#1"},
				"up": {"uv": [0, 0.25, 0.75, 1], "texture": "#1"},
				"down": {"uv": [0, 0.25, 0.75, 1], "texture": "#1"}
			}
		},
		{
			"from": [7.25, 8.75, 8.25],
			"to": [8, 9.5, 9],
			"rotation": {"angle": 0, "axis": "y", "origin": [0, 16, 0]},
			"faces": {
				"north": {"uv": [0, 0.25, 0.75, 1], "texture": "#1"},
				"east": {"uv": [0, 0.25, 0.75, 1], "texture": "#1"},
				"south": {"uv": [0, 0.25, 0.75, 1], "texture": "#1"},
				"west": {"uv": [0, 0, 12.5, 9.5], "texture": "#1"},
				"up": {"uv": [0, 0.25, 0.75, 1], "texture": "#1"},
				"down": {"uv": [0, 0.25, 0.75, 1], "texture": "#1"}
			}
		},
		{
			"from": [7.25, 8.75, 8],
			"to": [8, 9.5, 8.75],
			"rotation": {"angle": 0, "axis": "y", "origin": [0, 16, 0]},
			"faces": {
				"north": {"uv": [0, 0.25, 0.75, 1], "texture": "#1"},
				"east": {"uv": [0, 0.25, 0.75, 1], "texture": "#1"},
				"south": {"uv": [0, 0.25, 0.75, 1], "texture": "#1"},
				"west": {"uv": [0, 0, 12.5, 9.5], "texture": "#1"},
				"up": {"uv": [0, 0.25, 0.75, 1], "texture": "#1"},
				"down": {"uv": [0, 0.25, 0.75, 1], "texture": "#1"}
			}
		},
		{
			"from": [7.25, 8.75, 7.75],
			"to": [8, 9.5, 8.5],
			"rotation": {"angle": 0, "axis": "y", "origin": [0, 16, 0]},
			"faces": {
				"north": {"uv": [0, 0.25, 0.75, 1], "texture": "#1"},
				"east": {"uv": [0, 0.25, 0.75, 1], "texture": "#1"},
				"south": {"uv": [0, 0.25, 0.75, 1], "texture": "#1"},
				"west": {"uv": [0, 0, 12.5, 9.5], "texture": "#1"},
				"up": {"uv": [0, 0.25, 0.75, 1], "texture": "#1"},
				"down": {"uv": [0, 0.25, 0.75, 1], "texture": "#1"}
			}
		},
		{
			"from": [7.5, 8.75, 7.5],
			"to": [8.25, 9.5, 8.25],
			"rotation": {"angle": 0, "axis": "y", "origin": [0, 16, 0]},
			"faces": {
				"north": {"uv": [0, 0.25, 0.75, 1], "texture": "#1"},
				"east": {"uv": [0, 0.25, 0.75, 1], "texture": "#1"},
				"south": {"uv": [0, 0.25, 0.75, 1], "texture": "#1"},
				"west": {"uv": [0, 0, 12.5, 9.5], "texture": "#1"},
				"up": {"uv": [0, 0.25, 0.75, 1], "texture": "#1"},
				"down": {"uv": [0, 0.25, 0.75, 1], "texture": "#1"}
			}
		},
		{
			"from": [7.75, 8.75, 7.25],
			"to": [8.5, 9.5, 8],
			"rotation": {"angle": 0, "axis": "y", "origin": [0, 16, 0]},
			"faces": {
				"north": {"uv": [0, 0.25, 0.75, 1], "texture": "#1"},
				"east": {"uv": [0, 0.25, 0.75, 1], "texture": "#1"},
				"south": {"uv": [0, 0.25, 0.75, 1], "texture": "#1"},
				"west": {"uv": [0, 0, 12.5, 9.5], "texture": "#1"},
				"up": {"uv": [0, 0.25, 0.75, 1], "texture": "#1"},
				"down": {"uv": [0, 0.25, 0.75, 1], "texture": "#1"}
			}
		},
		{
			"from": [8, 8.75, 7.25],
			"to": [8.75, 9.5, 8],
			"rotation": {"angle": 0, "axis": "y", "origin": [0, 16, 0]},
			"faces": {
				"north": {"uv": [0, 0.25, 0.75, 1], "texture": "#1"},
				"east": {"uv": [0, 0.25, 0.75, 1], "texture": "#1"},
				"south": {"uv": [0, 0.25, 0.75, 1], "texture": "#1"},
				"west": {"uv": [0, 0, 12.5, 9.5], "texture": "#1"},
				"up": {"uv": [0, 0.25, 0.75, 1], "texture": "#1"},
				"down": {"uv": [0, 0.25, 0.75, 1], "texture": "#1"}
			}
		},
		{
			"from": [8.25, 8.75, 7.25],
			"to": [9, 9.5, 8],
			"rotation": {"angle": 0, "axis": "y", "origin": [0, 16, 0]},
			"faces": {
				"north": {"uv": [0, 0.25, 0.75, 1], "texture": "#1"},
				"east": {"uv": [0, 0.25, 0.75, 1], "texture": "#1"},
				"south": {"uv": [0, 0.25, 0.75, 1], "texture": "#1"},
				"west": {"uv": [0, 0, 12.5, 9.5], "texture": "#1"},
				"up": {"uv": [0, 0.25, 0.75, 1], "texture": "#1"},
				"down": {"uv": [0, 0.25, 0.75, 1], "texture": "#1"}
			}
		},
		{
			"from": [8.5, 8.75, 7.25],
			"to": [9.25, 9.5, 8],
			"rotation": {"angle": 0, "axis": "y", "origin": [0, 16, 0]},
			"faces": {
				"north": {"uv": [0, 0.25, 0.75, 1], "texture": "#1"},
				"east": {"uv": [0, 0.25, 0.75, 1], "texture": "#1"},
				"south": {"uv": [0, 0.25, 0.75, 1], "texture": "#1"},
				"west": {"uv": [0, 0, 12.5, 9.5], "texture": "#1"},
				"up": {"uv": [0, 0.25, 0.75, 1], "texture": "#1"},
				"down": {"uv": [0, 0.25, 0.75, 1], "texture": "#1"}
			}
		},
		{
			"from": [8.75, 8.75, 7.5],
			"to": [9.5, 9.5, 8.25],
			"rotation": {"angle": 0, "axis": "y", "origin": [0, 16, 0]},
			"faces": {
				"north": {"uv": [0, 0.25, 0.75, 1], "texture": "#1"},
				"east": {"uv": [0, 0.25, 0.75, 1], "texture": "#1"},
				"south": {"uv": [0, 0.25, 0.75, 1], "texture": "#1"},
				"west": {"uv": [0, 0, 12.5, 9.5], "texture": "#1"},
				"up": {"uv": [0, 0.25, 0.75, 1], "texture": "#1"},
				"down": {"uv": [0, 0.25, 0.75, 1], "texture": "#1"}
			}
		}
	],
	"display": {
		"thirdperson_righthand": {
			"rotation": [27, 0, 0],
			"translation": [0, 5.25, 4]
		},
		"thirdperson_lefthand": {
			"rotation": [27, 0, 0],
			"translation": [0, 5.25, 4]
		},
		"firstperson_righthand": {
			"rotation": [-19, 0, 0],
			"translation": [0, 4.75, 0]
		},
		"firstperson_lefthand": {
			"rotation": [-19, 0, 0],
			"translation": [0, 4.75, 0]
		},
		"ground": {
			"rotation": [63, 0, 0],
			"translation": [0, 1.75, 0],
			"scale": [0.75, 0.75, 0.75]
		},
		"gui": {
			"rotation": [0, 0, -40],
			"translation": [2, 3.5, 0],
			"scale": [1.5, 1.5, 1.5]
		},
		"fixed": {
			"rotation": [0, 0, 31],
			"translation": [-2, 4, -4],
			"scale": [1.5, 1.5, 1.5]
		}
	},
	"groups": [
		{
			"name": "base",
			"origin": [0, 0, 0],
			"children": [0, 1, 2, 3, 4, 5, 6, 7]
		},
		{
			"name": "orb",
			"origin": [8, 8, 8],
			"children": [8, 9, 10, 11, 12, 13, 14, 15, 16, 17, 18, 19, 20, 21, 22, 23, 24, 25, 26, 27, 28, 29, 30, 31, 32, 33, 34, 35, 36, 37, 38, 39, 40, 41, 42, 43, 44, 45, 46, 47, 48, 49, 50, 51, 52, 53, 54, 55, 56, 57, 58, 59,
				{
					"name": "orb",
					"origin": [8, 8, 8],
					"children": [60, 61, 62, 63, 64, 65, 66, 67, 68, 69, 70, 71, 72, 73, 74, 75, 76, 77, 78, 79, 80, 81, 82, 83, 84, 85, 86, 87, 88, 89, 90, 91, 92, 93, 94, 95, 96, 97, 98, 99, 100, 101, 102, 103, 104, 105, 106, 107, 108, 109, 110, 111]
				}
			]
		}
	]
}